indexDados;codigNomeMateria;codigoTurma;ano;semestre;professor;cargahoraria;horario;vagasOfertadas;vagasOcupadas;local;horarioSeparado;percDisciplina;salaSeparada;predio;lotacao;percOcupacaoReal;percOcupacaoTotal
0;FGA0003 - COMPILADORES 1;1;2022;2;EDSON ALVES DA COSTA JUNIOR;60h;46T23;85;84;FGA - SALA S-4 e I-3;;;S4;UAC;130.0;;
1;FGA0003 - COMPILADORES 1;1;2022;2;EDSON ALVES DA COSTA JUNIOR;60h;46T23;85;84;FGA - SALA S-4 e I-3;;;I3;UAC;60.0;;
2;FGA0006 - FUNDAMENTOS DE EQUAÇÕES DIFERENCIAIS PARA ENGENHARIA;1;2022;2;VINICIUS DE CARVALHO RISPOLI;60h;35M34;60;24;FGA - SALA I3;;;I3;UAC;60.0;;
3;FGA0008 - SISTEMAS AEROESPACIAIS;1;2022;2;RONNE TOLEDO;60h;24M34;30;23;FGA - CONTAINER Nº 17;;;Cont-17;Container;1.0;;
4;FGA0013 - ANATOMIA E FISIOLOGIA HUMANA;1;2022;2;SUELIA DE SIQUEIRA RODRIGUES FLEURY ROSA;60h;24M12;50;41;FGA - SALA I3;;;I3;UAC;60.0;;
5;FGA0015 - PROCESSAMENTO DIGITAL DE IMAGENS;1;2022;2;MARCUS VINICIUS CHAFFIM COSTA;60h;46M34;40;5;FGA - SALA I7;;;I7;UAC;40.0;;
6;FGA0016 - TÓPICOS ESPECIAL EM INSTRUMENTAÇÃO BIOMÉDICA;1;2022;2;SUELIA DE SIQUEIRA RODRIGUES FLEURY ROSA;60h;24M34;20;19;FGA - LDTEA SALA 2;;;LD.Sala-2;LDTEA;1.0;;
7;FGA0017 - PROJETOS DE CIRCUITOS INTEGRADOS 1;1;2022;2;WELLINGTON AVELINO DO AMARAL;60h;35T23;45;37;FGA - SALA LAB SS;;;Lab.SS;UED;45.0;;
8;FGA0023 - DINÂMICA DOS MECANISMOS;1;2022;2;RITA DE CASSIA SILVA;60h;35M12;40;6;FGA - SALA I7 E I4;;;I7;UAC;40.0;;
9;FGA0023 - DINÂMICA DOS MECANISMOS;1;2022;2;RITA DE CASSIA SILVA;60h;35M12;40;6;FGA - SALA I7 E I4;;;I4;UAC;45.0;;
10;FGA0025 - SISTEMAS DE ENERGIA SOLAR E EÓLICA;1;2022;2;ALEX REIS;30h;46T23;45;13;FGA - SALA I5;;;I5;UAC;45.0;;
11;FGA0025 - SISTEMAS DE ENERGIA SOLAR E EÓLICA;1;2022;2;JORGE ANDRES CORMANE ANGARITA;30h;46T23;45;13;FGA - SALA I5;;;I5;UAC;45.0;;
12;FGA0030 - ESTRUTURAS DE DADOS 2;1;2022;2;JOHN LENON CARDOSO GARDENGHI;60h;26T45;132;132;FGA - SALA S4 E S1;;;S4;UAC;130.0;;
13;FGA0030 - ESTRUTURAS DE DADOS 2;1;2022;2;JOHN LENON CARDOSO GARDENGHI;60h;26T45;132;132;FGA - SALA S4 E S1;;;S1;UAC;130.0;;
14;FGA0034 - TÓPICOS ESPECIAIS EM MATEMÁTICA APLICADA;1;2022;2;RICARDO RAMOS FRAGELLI;60h;2T2345;15;10;FGA - SALA MULTIUSO;;;Multi.;UAC;25.0;;
15;FGA0037 - TÓPICOS ESPECIAIS EM ENGENHARIA AEROESPACIAL;1;2022;2;Fernando Merege;60h;46T23;25;9;FGA - LAB TERMODINÂMICA;;;Lab.Termodin.;UED;25.0;;
16;FGA0038 - AERODINÂMICA DE SISTEMAS AEROESPACIAIS;1;2022;2;OLEXIY SHYNKARENKO;75h;35T45 6T4;30;16;FGA - SALA I4;;;I4;UAC;45.0;;
17;FGA0039 - MECÂNICA DE ESTRUTURAS AEROESPACIAIS;1;2022;2;ARTEM ANDRIANOV;75h;2M5 35M12;49;30;FGA - SALA I10 / I4 / S7;;;I10;UAC;80.0;;
18;FGA0039 - MECÂNICA DE ESTRUTURAS AEROESPACIAIS;1;2022;2;ARTEM ANDRIANOV;75h;2M5 35M12;49;30;FGA - SALA I10 / I4 / S7;;;I4;UAC;45.0;;
19;FGA0039 - MECÂNICA DE ESTRUTURAS AEROESPACIAIS;1;2022;2;ARTEM ANDRIANOV;75h;2M5 35M12;49;30;FGA - SALA I10 / I4 / S7;;;S7;UAC;60.0;;
20;FGA0040 - SISTEMAS DE CONTROLE AUTOMOTIVO;1;2022;2;RAFAEL RODRIGUES DA SILVA;30h;24M34;16;7;FGA - SALA LAB SHP;;;Cont-8-SHP;;;;
21;FGA0040 - SISTEMAS DE CONTROLE AUTOMOTIVO;1;2022;2;ANDRE MURILO DE ALMEIDA PINTO;30h;24M34;16;7;FGA - SALA LAB SHP;;;Cont-8-SHP;;;;
22;FGA0043 - DINÂMICA DOS GASES PARA SISTEMAS AEROESPACIAIS;1;2022;2;OLEXIY SHYNKARENKO;60h;35T23;48;44;FGA - SALA S5;;;S5;UAC;45.0;;
23;FGA0045 - MECÂNICA DO VÔO;1;2022;2;POLLIANA CANDIDA OLIVEIRA MARTINS;60h;46M34;45;29;FGA - SALA S8;;;S8;UAC;45.0;;
24;FGA0047 - PROCESSOS PETROQUÍMICOS;1;2022;2;ANDREIA ALVES COSTA LINDINGER;60h;35M34;45;6;FGA - SALA I1;;;I1;UAC;45.0;;
25;FGA0048 - MECÂNICA DO VOO ESPACIAL;1;2022;2;WILLIAM REIS SILVA;60h;46M34;45;21;FGA - SALA S9;;;S9;UAC;130.0;;
26;FGA0049 - PROJETO DE SISTEMAS AEROESPACIAIS;1;2022;2;GIANCARLO SANTILLI;60h;246T23;30;6;FGA - CONTEINER 04;;;Cont-4;Container;1.0;;
27;FGA0049 - PROJETO DE SISTEMAS AEROESPACIAIS;1;2022;2;PAOLO GESSINI;30h;246T23;30;6;FGA - CONTEINER 04;;;Cont-4;Container;1.0;;
28;FGA0050 - DINÂMICA DE ESTRUTURAS AEROESPACIAIS;1;2022;2;SERGIO HENRIQUE DA SILVA CARNEIRO;60h;35M34;45;15;FGA - SALA I4;;;I4;UAC;45.0;;
29;FGA0052 - PROPULSÃO AEROESPACIAL;1;2022;2;PAOLO GESSINI;30h;235M12;45;5;FGA - SALA I1;;;I1;UAC;45.0;;
30;FGA0052 - PROPULSÃO AEROESPACIAL;1;2022;2;JUNGPYO LEE;60h;235M12;45;5;FGA - SALA I1;;;I1;UAC;45.0;;
31;FGA0053 - TÓPICOS ESPECIAIS EM PROGRAMAÇÃO;1;2022;2;EDSON ALVES DA COSTA JUNIOR;60h;46T45;44;30;FGA - SALAS S7 e I7;;;S7;UAC;60.0;;
32;FGA0053 - TÓPICOS ESPECIAIS EM PROGRAMAÇÃO;1;2022;2;EDSON ALVES DA COSTA JUNIOR;60h;46T45;44;30;FGA - SALAS S7 e I7;;;I7;UAC;40.0;;
33;FGA0055 - TECNOLOGIAS DE FABRICAÇÃO 1;1;2022;2;RHANDER VIANA;60h;35T23;20;18;FGA - SALA S8;;;S8;UAC;45.0;;
34;FGA0056 - TECNOLOGIAS DE FABRICAÇÃO 2;1;2022;2;EDISON GUSTAVO CUEVA GALARRAGA;60h;35M34;25;19;FGA - SALA I8;;;I8;UAC;45.0;;
35;FGA0057 - ELETRÔNICA DE POTÊNCIA;1;2022;2;MARCUS VINICIUS BATISTUTA;60h;24T45;45;12;FGA - SALA I1 / I2;;;I1;UAC;45.0;;
36;FGA0057 - ELETRÔNICA DE POTÊNCIA;1;2022;2;MARCUS VINICIUS BATISTUTA;60h;24T45;45;12;FGA - SALA I1 / I2;;;I2;UAC;60.0;;
37;FGA0060 - SISTEMAS DE BANCO DE DADOS 2;1;2022;2;VANDOR ROBERTO VILARDI RISSOLI;60h;35M12;40;39;FGA - SALA I6;;;I6;UAC;40.0;;
38;FGA0060 - SISTEMAS DE BANCO DE DADOS 2;2;2022;2;GIOVANNI ALMEIDA SANTOS;60h;46M12;45;39;FGA - SALA I6 E I7;;;I6;UAC;40.0;;
39;FGA0060 - SISTEMAS DE BANCO DE DADOS 2;2;2022;2;GIOVANNI ALMEIDA SANTOS;60h;46M12;45;39;FGA - SALA I6 E I7;;;I7;UAC;40.0;;
40;FGA0060 - SISTEMAS DE BANCO DE DADOS 2;4;2022;2;GIOVANNI ALMEIDA SANTOS;60h;7M1234;68;31;FGA - SALA I10;;;I10;UAC;80.0;;
41;FGA0062 - PROJETO DE SISTEMAS DE OBSERVAÇÃO DA TERRA;2;2022;2;GIANCARLO SANTILLI;60h;24M34;20;2;FGA - LAB TERMODINÂMICA;;;Lab.Termodin.;UED;25.0;;
42;FGA0065 - PROPULSÃO ELÉTRICA;1;2022;2;PAOLO GESSINI;60h;24M34;15;6;FGA- SALA MULTIUSO;;;Multi.;UAC;25.0;;
43;FGA0066 - FUNDAMENTOS DE VARIÁVEL COMPLEXA PARA ENGENHARIA;1;2022;2;TATIANE DA SILVA EVANGELISTA;60h;35M12;60;19;FGA - SALA I3;;;I3;UAC;60.0;;
44;FGA0067 - TEORIA DE CIRCUITOS ELETRÔNICOS 1;1;2022;2;EULER DE VILHENA GARCIA;60h;35M12;50;31;FGA - SALA S9;;;S9;UAC;130.0;;
45;FGA0067 - TEORIA DE CIRCUITOS ELETRÔNICOS 1;2;2022;2;LUIS FILOMENO DE JESUS FERNANDES;30h;24M12;45;24;FGA - S8;;;S8;UAC;45.0;;
46;FGA0067 - TEORIA DE CIRCUITOS ELETRÔNICOS 1;2;2022;2;MARCELINO MONTEIRO DE ANDRADE;30h;24M12;45;24;FGA - S8;;;S8;UAC;45.0;;
47;FGA0068 - TEORIA DE CIRCUITOS ELETRÔNICOS 2;1;2022;2;GILMAR SILVA BESERRA;60h;24M34;60;18;FGA - SALA I3 / SALA S6;;;I3;UAC;60.0;;
48;FGA0068 - TEORIA DE CIRCUITOS ELETRÔNICOS 2;1;2022;2;GILMAR SILVA BESERRA;60h;24M34;60;18;FGA - SALA I3 / SALA S6;;;S6;UAC;60.0;;
49;FGA0069 - PRÁTICA DE CIRCUITOS ELETRÔNICOS 1;1;2022;2;DIOGO DE OLIVEIRA COSTA;30h;3T23;24;9;FGA - SALA LAB NEI;;;Lab.NEI-1;UED;20.0;;
50;FGA0069 - PRÁTICA DE CIRCUITOS ELETRÔNICOS 1;2;2022;2;ANDERSON JOSE COSTA SENA;30h;5M34;24;11;FGA - SALA LAB NEI;;;Lab.NEI-1;UED;20.0;;
51;FGA0069 - PRÁTICA DE CIRCUITOS ELETRÔNICOS 1;4;2022;2;DIOGO DE OLIVEIRA COSTA;30h;6M12;24;9;FGA - SALA LAB NEI;;;Lab.NEI-1;UED;20.0;;
52;FGA0069 - PRÁTICA DE CIRCUITOS ELETRÔNICOS 1;6;2022;2;ANDERSON JOSE COSTA SENA;30h;4M34;24;19;FGA - SALA LAB NEI;;;Lab.NEI-1;UED;20.0;;
53;FGA0069 - PRÁTICA DE CIRCUITOS ELETRÔNICOS 1;7;2022;2;ANDERSON JOSE COSTA SENA;30h;5M12;24;4;FGA - SALA LAB NEI;;;Lab.NEI-1;UED;20.0;;
54;FGA0070 - PRÁTICA DE CIRCUITOS ELETRÔNICOS 2;3;2022;2;ROBERTO DE SOUZA BAPTISTA;30h;6M34;20;18;FGA - SALA LAB NEI;;;Lab.NEI-1;UED;20.0;;
55;FGA0071 - PRÁTICA DE ELETRÔNICA DIGITAL 1;1;2022;2;CLAUDIA PATRICIA OCHOA DIAZ;30h;4M5 4T1;14;13;FGA - SALA LAB SS;;;Lab.SS;UED;45.0;;
56;FGA0071 - PRÁTICA DE ELETRÔNICA DIGITAL 1;2;2022;2;ANDERSON JOSE COSTA SENA;30h;4T23;14;13;FGA - SALA LAB NEI 2;;;Lab.NEI-2;UED;20.0;;
57;FGA0071 - PRÁTICA DE ELETRÔNICA DIGITAL 1;3;2022;2;ANDERSON JOSE COSTA SENA;30h;4T45;14;12;FGA - SALA LAB NEI 2;;;Lab.NEI-2;UED;20.0;;
58;FGA0071 - PRÁTICA DE ELETRÔNICA DIGITAL 1;4;2022;2;ANDERSON JOSE COSTA SENA;30h;5T23;14;14;FGA - SALA LAB NEI 2;;;Lab.NEI-2;UED;20.0;;
59;FGA0071 - PRÁTICA DE ELETRÔNICA DIGITAL 1;5;2022;2;DIOGO DE OLIVEIRA COSTA;30h;6T23;14;9;FGA - SALA LAB NEI 2;;;Lab.NEI-2;UED;20.0;;
60;FGA0071 - PRÁTICA DE ELETRÔNICA DIGITAL 1;6;2022;2;GUILLERMO ALVAREZ BESTARD;30h;6M12;14;9;FGA - SALA LAB SS;;;Lab.SS;UED;45.0;;
61;FGA0071 - PRÁTICA DE ELETRÔNICA DIGITAL 1;7;2022;2;HENRIQUE MARRA TAIRA MENEGAZ;30h;3M12;14;12;FGA - SALA LAB NEI 2;;;Lab.NEI-2;UED;20.0;;
62;FGA0071 - PRÁTICA DE ELETRÔNICA DIGITAL 1;8;2022;2;HENRIQUE MARRA TAIRA MENEGAZ;30h;2M12;14;14;FGA - SALA LAB SS;;;Lab.SS;UED;45.0;;
63;FGA0071 - PRÁTICA DE ELETRÔNICA DIGITAL 1;9;2022;2;HENRIQUE MARRA TAIRA MENEGAZ;30h;3M34;14;12;FGA - SALA LAB NEI 2;;;Lab.NEI-2;UED;20.0;;
64;FGA0071 - PRÁTICA DE ELETRÔNICA DIGITAL 1;10;2022;2;HENRIQUE MARRA TAIRA MENEGAZ;30h;2M34;14;14;FGA - SALA LAB SS;;;Lab.SS;UED;45.0;;
65;FGA0071 - PRÁTICA DE ELETRÔNICA DIGITAL 1;11;2022;2;DIOGO DE OLIVEIRA COSTA;30h;5M34;14;9;FGA - SALA LAB NEI 2;;;Lab.NEI-2;UED;20.0;;
66;FGA0071 - PRÁTICA DE ELETRÔNICA DIGITAL 1;12;2022;2;DIOGO DE OLIVEIRA COSTA;30h;6M34;14;13;FGA - SALA LAB SS;;;Lab.SS;UED;45.0;;
67;FGA0071 - PRÁTICA DE ELETRÔNICA DIGITAL 1;13;2022;2;CLAUDIA PATRICIA OCHOA DIAZ;30h;6M5 6T1;14;13;FGA - SALA LAB SS;;;Lab.SS;UED;45.0;;
68;FGA0071 - PRÁTICA DE ELETRÔNICA DIGITAL 1;16;2022;2;ANDERSON JOSE COSTA SENA;30h;3T23;14;13;FGA - SALA LAB NEI 2;;;Lab.NEI-2;UED;20.0;;
69;FGA0072 - PRÁTICA DE ELETRÔNICA DIGITAL 2;1;2022;2;DIOGO DE OLIVEIRA COSTA;30h;4M34;28;13;FGA - SALA LAB SS;;;Lab.SS;UED;45.0;;
70;FGA0072 - PRÁTICA DE ELETRÔNICA DIGITAL 2;2;2022;2;ANDERSON JOSE COSTA SENA;30h;4M12;28;23;FGA - SALA LAB SS;;;Lab.SS;UED;45.0;;
71;FGA0073 - TEORIA DE ELETRÔNICA DIGITAL 1;1;2022;2;RENATO VILELA LOPES;60h;46M12;100;92;FGA - SALA S1;;;S1;UAC;130.0;;
72;FGA0073 - TEORIA DE ELETRÔNICA DIGITAL 1;2;2022;2;RENATO VILELA LOPES;60h;46T23;100;75;FGA - SALA S2 / SALA S4;;;S2;UAC;130.0;;
73;FGA0073 - TEORIA DE ELETRÔNICA DIGITAL 1;2;2022;2;RENATO VILELA LOPES;60h;46T23;100;75;FGA - SALA S2 / SALA S4;;;S4;UAC;130.0;;
74;FGA0074 - TEORIA DE ELETRÔNICA DIGITAL 2;1;2022;2;DANIEL MAURICIO MUNOZ ARBOLEDA;60h;35M34;60;35;FGA - SALA I2;;;I2;UAC;60.0;;
75;FGA0075 - LABORATÓRIO DE MATERIAIS DE CONSTRUÇÃO;1;2022;2;EMMANUEL PACHECO ROCHA LIMA;15h;2T4;15;15;FGA - SALA LAB MAT;;;Lab.Mater.;UED;1.0;;
76;FGA0075 - LABORATÓRIO DE MATERIAIS DE CONSTRUÇÃO;2;2022;2;EMMANUEL PACHECO ROCHA LIMA;15h;4T4;15;15;FGA - SALA LAB MAT;;;Lab.Mater.;UED;1.0;;
77;FGA0075 - LABORATÓRIO DE MATERIAIS DE CONSTRUÇÃO;9;2022;2;EMMANUEL PACHECO ROCHA LIMA;15h;2T5;15;14;FGA - SALA LAB MAT;;;Lab.Mater.;UED;1.0;;
78;FGA0075 - LABORATÓRIO DE MATERIAIS DE CONSTRUÇÃO;11;2022;2;SANDRA MARIA DA LUZ;15h;5M1;15;11;FGA - SALA LAB MAT;;;Lab.Mater.;UED;1.0;;
79;FGA0075 - LABORATÓRIO DE MATERIAIS DE CONSTRUÇÃO;12;2022;2;SANDRA MARIA DA LUZ;15h;5M2;15;14;FGA - SALA LAB MAT;;;Lab.Mater.;UED;1.0;;
80;FGA0076 - EQUIPAMENTOS TERMOFLUIDOS AUTOMOTIVOS;1;2022;2;FABIO ALFAIA DA CUNHA;30h;24M12;45;4;FGA - SALA I4;;;I4;UAC;45.0;;
81;FGA0076 - EQUIPAMENTOS TERMOFLUIDOS AUTOMOTIVOS;1;2022;2;ALESSANDRO BORGES DE SOUSA OLIVEIRA;30h;24M12;45;4;FGA - SALA I4;;;I4;UAC;45.0;;
82;FGA0077 - INTRODUÇÃO AO DESGASTE;1;2022;2;EDISON GUSTAVO CUEVA GALARRAGA;60h;35T45;15;4;FGA - SALA MULTIUSO;;;Multi.;UAC;25.0;;
83;FGA0078 - TEORIA DE MATERIAIS DE CONSTRUÇÃO;1;2022;2;EMMANUEL PACHECO ROCHA LIMA;45h;2T123;90;69;FGA - SALA S4;;;S4;UAC;130.0;;
84;FGA0078 - TEORIA DE MATERIAIS DE CONSTRUÇÃO;2;2022;2;RODRIGO ARBEY MUNOZ MENESES;45h;3T23 5T2;90;32;FGA - SALA S4;;;S4;UAC;130.0;;
85;FGA0083 - APRENDIZADO DE MÁQUINA;1;2022;2;FABRICIO ATAIDES BRAZ;60h;35M34;60;21;FGA - SALA S6;;;S6;UAC;60.0;;
86;FGA0084 - DESENVOLVIMENTO DE SOFTWARE;1;2022;2;SERGIO ANTONIO ANDRADE DE FREITAS;60h;26T45;70;63;FGA - SALA S6 E I10;;;S6;UAC;60.0;;
87;FGA0084 - DESENVOLVIMENTO DE SOFTWARE;1;2022;2;SERGIO ANTONIO ANDRADE DE FREITAS;60h;26T45;70;63;FGA - SALA S6 E I10;;;I10;UAC;80.0;;
88;FGA0085 - MATEMÁTICA DISCRETA 1;1;2022;2;GLAUCO VITOR PEDROSA;60h;26M34;130;121;FGA - SALA S9 e S2;;;S9;UAC;130.0;;
89;FGA0085 - MATEMÁTICA DISCRETA 1;1;2022;2;GLAUCO VITOR PEDROSA;60h;26M34;130;121;FGA - SALA S9 e S2;;;S2;UAC;130.0;;
90;FGA0085 - MATEMÁTICA DISCRETA 1;2;2022;2;GLAUCO VITOR PEDROSA;60h;46T23;69;65;FGA - SALA S7;;;S7;UAC;60.0;;
91;FGA0086 - TEORIA DE ELETRICIDADE APLICADA;1;2022;2;FLAVIO HENRIQUE JUSTINIANO RIBEIRO DA SILVA;60h;24T45;43;39;FGA - SALA S8;;;S8;UAC;45.0;;
92;FGA0086 - TEORIA DE ELETRICIDADE APLICADA;2;2022;2;JORGE ANDRES CORMANE ANGARITA;60h;24M12;43;38;FGA - SALA I8;;;I8;UAC;45.0;;
93;FGA0087 - LABORATÓRIO DE ELETRICIDADE APLICADA;1;2022;2;LOANA NUNES VELASCO;30h;2T45;20;17;FGA - SALA LAB ELETR;;;Lab.Eletr.;UED;20.0;;
94;FGA0087 - LABORATÓRIO DE ELETRICIDADE APLICADA;2;2022;2;RUDI HENRI VAN ELS;30h;6M34;20;16;FGA - SALA LAB ELETR;;;Lab.Eletr.;UED;20.0;;
95;FGA0087 - LABORATÓRIO DE ELETRICIDADE APLICADA;3;2022;2;JORGE ANDRES CORMANE ANGARITA;30h;2M34;18;17;FGA - SALA LAB ELETR;;;Lab.Eletr.;UED;20.0;;
96;FGA0087 - LABORATÓRIO DE ELETRICIDADE APLICADA;4;2022;2;JORGE ANDRES CORMANE ANGARITA;30h;4M34;20;13;FGA - SALA LAB ELETR;;;Lab.Eletr.;UED;20.0;;
97;FGA0087 - LABORATÓRIO DE ELETRICIDADE APLICADA;5;2022;2;RUDI HENRI VAN ELS;30h;6M12;18;18;FGA - SALA LAB ELETR;;;Lab.Eletr.;UED;20.0;;
98;FGA0088 - TEORIA DE SISTEMAS DE CONVERSÃO DE ENERGIA;1;2022;2;FLAVIO HENRIQUE JUSTINIANO RIBEIRO DA SILVA;60h;46M12;60;19;FGA - SALA S6;;;S6;UAC;60.0;;
99;FGA0089 - LABORATÓRIO DE SISTEMAS DE CONVERSÃO DE ENERGIA;1;2022;2;RUDI HENRI VAN ELS;30h;4T45;20;8;FGA - SALA LAB ELETR;;;Lab.Eletr.;UED;20.0;;
100;FGA0089 - LABORATÓRIO DE SISTEMAS DE CONVERSÃO DE ENERGIA;2;2022;2;RUDI HENRI VAN ELS;30h;2T23;20;6;FGA - SALA LAB ELETR;;;Lab.Eletr.;UED;20.0;;
101;FGA0090 - ONDULATÓRIA E FÍSICA TÉRMICA PARA ENGENHARIA;1;2022;2;EBERTH DE ALMEIDA CORREA;60h;35T23;45;12;FGA - SALA I1;;;I1;UAC;45.0;;
102;FGA0091 - MÁQUINAS DE FLUIDO;1;2022;2;PAOLO GESSINI;30h;24M12 3T2;25;17;FGA - SALA I5 / LAB TERMOFLUIDOS/ SALA I5;;;I5;UAC;45.0;;
103;FGA0091 - MÁQUINAS DE FLUIDO;1;2022;2;PAOLO GESSINI;30h;24M12 3T2;25;17;FGA - SALA I5 / LAB TERMOFLUIDOS/ SALA I5;;;Lab.Termoflui.;UED;25.0;;
104;FGA0091 - MÁQUINAS DE FLUIDO;1;2022;2;PAOLO GESSINI;30h;24M12 3T2;25;17;FGA - SALA I5 / LAB TERMOFLUIDOS/ SALA I5;;;I5;UAC;45.0;;
105;FGA0091 - MÁQUINAS DE FLUIDO;1;2022;2;JHON NERO VAZ GOULART;45h;24M12 3T2;25;17;FGA - SALA I5 / LAB TERMOFLUIDOS/ SALA I5;;;I5;UAC;45.0;;
106;FGA0091 - MÁQUINAS DE FLUIDO;1;2022;2;JHON NERO VAZ GOULART;45h;24M12 3T2;25;17;FGA - SALA I5 / LAB TERMOFLUIDOS/ SALA I5;;;Lab.Termoflui.;UED;25.0;;
107;FGA0091 - MÁQUINAS DE FLUIDO;1;2022;2;JHON NERO VAZ GOULART;45h;24M12 3T2;25;17;FGA - SALA I5 / LAB TERMOFLUIDOS/ SALA I5;;;I5;UAC;45.0;;
108;FGA0091 - MÁQUINAS DE FLUIDO;2;2022;2;PAOLO GESSINI;45h;24M12 3T3;20;6;FGA - SALA I5 / LAB TERMOFLUIDOS/ SALA I5;;;I5;UAC;45.0;;
109;FGA0091 - MÁQUINAS DE FLUIDO;2;2022;2;PAOLO GESSINI;45h;24M12 3T3;20;6;FGA - SALA I5 / LAB TERMOFLUIDOS/ SALA I5;;;Lab.Termoflui.;UED;25.0;;
110;FGA0091 - MÁQUINAS DE FLUIDO;2;2022;2;PAOLO GESSINI;45h;24M12 3T3;20;6;FGA - SALA I5 / LAB TERMOFLUIDOS/ SALA I5;;;I5;UAC;45.0;;
111;FGA0091 - MÁQUINAS DE FLUIDO;2;2022;2;JHON NERO VAZ GOULART;30h;24M12 3T3;20;6;FGA - SALA I5 / LAB TERMOFLUIDOS/ SALA I5;;;I5;UAC;45.0;;
112;FGA0091 - MÁQUINAS DE FLUIDO;2;2022;2;JHON NERO VAZ GOULART;30h;24M12 3T3;20;6;FGA - SALA I5 / LAB TERMOFLUIDOS/ SALA I5;;;Lab.Termoflui.;UED;25.0;;
113;FGA0091 - MÁQUINAS DE FLUIDO;2;2022;2;JHON NERO VAZ GOULART;30h;24M12 3T3;20;6;FGA - SALA I5 / LAB TERMOFLUIDOS/ SALA I5;;;I5;UAC;45.0;;
114;FGA0092 - PRINCÍPIOS DE COMUNICAÇÃO PARA ENGENHARIA;1;2022;2;DANIEL COSTA ARAUJO;75h;35M12 3T1;50;35;FGA - SALA I2 / I10;;;I2;UAC;60.0;;
115;FGA0092 - PRINCÍPIOS DE COMUNICAÇÃO PARA ENGENHARIA;1;2022;2;DANIEL COSTA ARAUJO;75h;35M12 3T1;50;35;FGA - SALA I2 / I10;;;I10;UAC;80.0;;
116;FGA0093 - PRINCÍPIOS DE CONTROLE;1;2022;2;LUIS FILOMENO DE JESUS FERNANDES;75h;3T23 5T234;50;3;FGA - SALA I3 / LAB SS;;;I3;UAC;60.0;;
117;FGA0093 - PRINCÍPIOS DE CONTROLE;1;2022;2;LUIS FILOMENO DE JESUS FERNANDES;75h;3T23 5T234;50;3;FGA - SALA I3 / LAB SS;;;Lab.SS;UED;45.0;;
118;FGA0096 - ELETRÔNICA EMBARCADA;1;2022;2;GUILLERMO ALVAREZ BESTARD;90h;246T45;50;28;FGA - SALA LAB SS;;;Lab.SS;UED;45.0;;
119;FGA0098 - PRÁTICA DE CIRCUITOS ELETRÔNICOS 3;1;2022;2;DIOGO DE OLIVEIRA COSTA;30h;4M12;20;5;FGA - SALA LAB NEI;;;Lab.NEI-1;UED;20.0;;
120;FGA0098 - PRÁTICA DE CIRCUITOS ELETRÔNICOS 3;2;2022;2;DIOGO DE OLIVEIRA COSTA;30h;2T45;20;8;FGA - SALA LAB NEI;;;Lab.NEI-1;UED;20.0;;
121;FGA0099 - TEORIA DE CIRCUITOS ELETRÔNICOS 3;1;2022;2;WELLINGTON AVELINO DO AMARAL;60h;35T45;45;15;FGA - SALA I2;;;I2;UAC;60.0;;
122;FGA0100 - PRÁTICA DE FÍSICA DOS DISPOSITIVOS ELETRÔNICOS;1;2022;2;GERARDO ANTONIO IDROBO PIZO;30h;3M34;20;10;FGA - SALA LAB NEI;;;Lab.NEI-1;UED;20.0;;
123;FGA0100 - PRÁTICA DE FÍSICA DOS DISPOSITIVOS ELETRÔNICOS;2;2022;2;GERARDO ANTONIO IDROBO PIZO;30h;3M5 3T1;20;6;FGA - SALA LAB NEI;;;Lab.NEI-1;UED;20.0;;
124;FGA0101 - TEORIA DE FÍSICA DOS DISPOSITIVOS ELETRÔNICOS;1;2022;2;MARCUS VINICIUS BATISTUTA;60h;35T45;60;14;FGA - SALA I3;;;I3;UAC;60.0;;
125;FGA0102 - SINAIS E SISTEMAS PARA ENGENHARIA;1;2022;2;LUCIANO EMIDIO NEVES DA FONSECA;90h;246M34;50;15;FGA - SALA I5;;;I5;UAC;45.0;;
126;FGA0102 - SINAIS E SISTEMAS PARA ENGENHARIA;2;2022;2;MARCUS VINICIUS CHAFFIM COSTA;90h;356M12;45;19;FGA - SALA S8;;;S8;UAC;45.0;;
127;FGA0102 - SINAIS E SISTEMAS PARA ENGENHARIA;3;2022;2;ROBERTO DE SOUZA BAPTISTA;90h;356M12;40;35;FGA - SALA I9 / SALA I7 / SALA I3;;;I9;UAC;130.0;;
128;FGA0102 - SINAIS E SISTEMAS PARA ENGENHARIA;3;2022;2;ROBERTO DE SOUZA BAPTISTA;90h;356M12;40;35;FGA - SALA I9 / SALA I7 / SALA I3;;;I7;UAC;40.0;;
129;FGA0102 - SINAIS E SISTEMAS PARA ENGENHARIA;3;2022;2;ROBERTO DE SOUZA BAPTISTA;90h;356M12;40;35;FGA - SALA I9 / SALA I7 / SALA I3;;;I3;UAC;60.0;;
130;FGA0103 - SISTEMAS OPERACIONAIS EMBARCADOS;1;2022;2;DIOGO CAETANO GARCIA;90h;246T23;50;19;FGA - SALA LAB SS;;;Lab.SS;UED;45.0;;
131;FGA0104 - QUÍMICA ORGÂNICA APLICADA À ENGENHARIA;1;2022;2;MARCELO BENTO DA SILVA;60h;24M34;45;11;FGA - SALA S5 E I1;;;S5;UAC;45.0;;
132;FGA0104 - QUÍMICA ORGÂNICA APLICADA À ENGENHARIA;1;2022;2;MARCELO BENTO DA SILVA;60h;24M34;45;11;FGA - SALA S5 E I1;;;I1;UAC;45.0;;
133;FGA0105 - TÓPICOS ESPECIAIS 2 EM ENGENHARIA AEROESPACIAL;2;2022;2;WILLIAM REIS SILVA;60h;46T23;15;8;FGA - SALA I4 / S8;;;I4;UAC;45.0;;
134;FGA0105 - TÓPICOS ESPECIAIS 2 EM ENGENHARIA AEROESPACIAL;2;2022;2;WILLIAM REIS SILVA;60h;46T23;15;8;FGA - SALA I4 / S8;;;S8;UAC;45.0;;
135;FGA0105 - TÓPICOS ESPECIAIS 2 EM ENGENHARIA AEROESPACIAL;3;2022;2;RAFAEL CASTILHO FARIA MENDES;60h;2T2345;15;13;FGA - LAB TERMODINÂMICA;;;Lab.Termodin.;UED;25.0;;
136;FGA0106 - TÓPICOS ESPECIAIS 3 EM ENGENHARIA AEROESPACIAL;1;2022;2;CRISTIAN VENDITTOZZI;60h;24T23;45;27;FGA - SALA I8;;;I8;UAC;45.0;;
137;FGA0107 - LABORATÓRIO DE ONDULATÓRIA E FÍSICA TÉRMICA PARA A ENGENHARIA;1;2022;2;EBERTH DE ALMEIDA CORREA;30h;3M34;24;19;FGA - LAB OND;;;Lab.Ond;UED;25.0;;
138;FGA0107 - LABORATÓRIO DE ONDULATÓRIA E FÍSICA TÉRMICA PARA A ENGENHARIA;2;2022;2;EBERTH DE ALMEIDA CORREA;30h;5M34;24;2;FGA - LAB OND;;;Lab.Ond;UED;25.0;;
139;FGA0108 - MATEMÁTICA DISCRETA 2;1;2022;2;MATHEUS BERNARDINI DE SOUZA;60h;2M5 2T1 6T23;133;123;FGA - SALA S9 E S2;;;S9;UAC;130.0;;
140;FGA0108 - MATEMÁTICA DISCRETA 2;1;2022;2;MATHEUS BERNARDINI DE SOUZA;60h;2M5 2T1 6T23;133;123;FGA - SALA S9 E S2;;;S2;UAC;130.0;;
141;FGA0109 - FUNDAMENTOS DE SISTEMAS EMBARCADOS;1;2022;2;RENATO CORAL SAMPAIO;60h;35M34;50;44;FGA - LAB SS;;;Lab.SS;UED;45.0;;
142;FGA0109 - FUNDAMENTOS DE SISTEMAS EMBARCADOS;2;2022;2;RENATO CORAL SAMPAIO;60h;35M5 35T1;50;36;FGA - LAB SS;;;Lab.SS;UED;45.0;;
143;FGA0117 - FUNDAMENTOS DE ENERGIA NUCLEAR;1;2022;2;LEANDRO XAVIER CARDOSO;30h;26M34;45;21;FGA - SALA I8 E I1;;;I8;UAC;45.0;;
144;FGA0117 - FUNDAMENTOS DE ENERGIA NUCLEAR;1;2022;2;LEANDRO XAVIER CARDOSO;30h;26M34;45;21;FGA - SALA I8 E I1;;;I1;UAC;45.0;;
145;FGA0117 - FUNDAMENTOS DE ENERGIA NUCLEAR;1;2022;2;RONNI GERALDO GOMES DE AMORIM;30h;26M34;45;21;FGA - SALA I8 E I1;;;I8;UAC;45.0;;
146;FGA0117 - FUNDAMENTOS DE ENERGIA NUCLEAR;1;2022;2;RONNI GERALDO GOMES DE AMORIM;30h;26M34;45;21;FGA - SALA I8 E I1;;;I1;UAC;45.0;;
147;FGA0118 - SISTEMAS DE INFORMAÇÃO GEOGRÁFICA PARA ENGENHARIA;1;2022;2;JOSIANE DO SOCORRO AGUIAR DE SOUZA DE OLIVEIRA CAMPOS;60h;24M34;15;6;FGA - ANTE SALA I10;;;Ante I-10;UAC;20.0;;
148;FGA0119 - TEORIA DE ELETROMAGNETISMO;1;2022;2;ANDRE LUIZ ALMEIDA PENNA;60h;24T23;60;34;FGA - SALA I2;;;I2;UAC;60.0;;
149;FGA0119 - TEORIA DE ELETROMAGNETISMO;2;2022;2;ANDRE LUIZ ALMEIDA PENNA;60h;46M12;130;25;FGA - SALA S4 E S2;;;S4;UAC;130.0;;
150;FGA0119 - TEORIA DE ELETROMAGNETISMO;2;2022;2;ANDRE LUIZ ALMEIDA PENNA;60h;46M12;130;25;FGA - SALA S4 E S2;;;S2;UAC;130.0;;
151;FGA0120 - PRÁTICA DE ELETROMAGNETISMO;1;2022;2;GERARDO ANTONIO IDROBO PIZO;30h;6T23;50;24;FGA - SALA MOCAP;;;Mocap;UED;60.0;;
152;FGA0120 - PRÁTICA DE ELETROMAGNETISMO;2;2022;2;GERARDO ANTONIO IDROBO PIZO;30h;3T45;80;39;FGA - SALA I10;;;I10;UAC;80.0;;
153;FGA0121 - TÓPICOS ESPECIAIS 4 EM ENGENHARIA AEROESPACIAL;1;2022;2;SEBASTIEN ROLAND MARIE JOSEPH RONDINEAU;60h;46M34;45;11;FGA - CONTEINER 04;;;Cont-4;Container;1.0;;
154;FGA0122 - EFICIÊNCIA ENERGÉTICA EM INSTALAÇÕES ELÉTRICAS INDUSTRIAIS;1;2022;2;LOANA NUNES VELASCO;60h;46T23;20;11;FGA - SALA LAB ELET;;;Lab.Eletr.;UED;20.0;;
155;FGA0124 - PROJETO DE ALGORITMOS;1;2022;2;MAURICIO SERRANO;60h;26M34;81;73;FGA - SALA MOCAP;;;Mocap;UED;60.0;;
156;FGA0130 - REGULAÇÃO AMBIENTAL NO SETOR ENERGÉTICO;1;2022;2;FERNANDO PAIVA SCARDUA;60h;35M12;60;2;FGA - SALA S6;;;S6;UAC;60.0;;
157;FGA0131 - ENGENHARIA DE SOFTWARE AUTOMOTIVO;1;2022;2;EVANDRO LEONARDO SILVA TEIXEIRA;60h;6T2345;30;6;FGA - SALA I6;;;I6;UAC;40.0;;
158;FGA0132 - INSTRUMENTAÇÃO ELETRÔNICA PARA ENGENHARIA;1;2022;2;CLAUDIA PATRICIA OCHOA DIAZ;60h;46M34;45;29;FGA - SALA I2;;;I2;UAC;60.0;;
159;FGA0133 - ENGENHARIA ECONÔMICA;1;2022;2;RICARDO MATOS CHAIM;60h;56M12;45;43;FGA - SALA I5;;;I5;UAC;45.0;;
160;FGA0133 - ENGENHARIA ECONÔMICA;2;2022;2;PAULA MEYER SOARES;60h;35M34;120;118;FGA - SALA S9;;;S9;UAC;130.0;;
161;FGA0133 - ENGENHARIA ECONÔMICA;3;2022;2;GLAUCENY CIRNE DE MEDEIROS;60h;46T45;130;109;FGA - SALA S9;;;S9;UAC;130.0;;
162;FGA0134 - TÓPICOS ESPECIAIS DE ENGENHARIA DE SOFTWARE;3;2022;2;WANDER CLEBER MARIA PEREIRA DA SILVA;60h;35T23;240;227;FGA - SALA ANFITEATRO;;;Anfiteatro;UAC;240.0;;
163;FGA0134 - TÓPICOS ESPECIAIS DE ENGENHARIA DE SOFTWARE;4;2022;2;BRUNO CESAR RIBAS;60h;35T45;45;26;FGA - SALA I5;;;I5;UAC;45.0;;
164;FGA0137 - SISTEMAS DE BANCO DE DADOS 1;1;2022;2;VANDOR ROBERTO VILARDI RISSOLI;60h;35T23;80;36;FGA - SALA I10;;;I10;UAC;80.0;;
165;FGA0137 - SISTEMAS DE BANCO DE DADOS 1;2;2022;2;MAURICIO SERRANO;60h;26M12;41;38;FGA - SALA I6;;;I6;UAC;40.0;;
166;FGA0138 - MÉTODOS DE DESENVOLVIMENTO DE SOFTWARE;1;2022;2;HILMER RODRIGUES NERI;60h;35T45;40;34;FGA - SALA I6;;;I6;UAC;40.0;;
167;FGA0138 - MÉTODOS DE DESENVOLVIMENTO DE SOFTWARE;2;2022;2;CARLA SILVA ROCHA AGUIAR;60h;35M34;60;60;FGA - SALA MOCAP;;;Mocap;UED;60.0;;
168;FGA0138 - MÉTODOS DE DESENVOLVIMENTO DE SOFTWARE;3;2022;2;GEORGE MARSICANO CORREA;60h;35T45;40;14;FGA - SALA I7;;;I7;UAC;40.0;;
169;FGA0141 - GESTÃO AMBIENTAL NO SETOR ENERGÉTICO;1;2022;2;MARIA VITORIA DUARTE FERRARI;60h;46M34;45;14;FGA - SALA S5;;;S5;UAC;45.0;;
170;FGA0142 - FUNDAMENTOS DE ARQUITETURA DE COMPUTADORES;1;2022;2;JOHN LENON CARDOSO GARDENGHI;60h;26M12;130;125;FGA - SALA I9;;;I9;UAC;130.0;;
171;FGA0142 - FUNDAMENTOS DE ARQUITETURA DE COMPUTADORES;2;2022;2;TIAGO ALVES DA FONSECA;60h;24M34;60;55;FGA - SALA S6 E MOCAP;;;S6;UAC;60.0;;
172;FGA0142 - FUNDAMENTOS DE ARQUITETURA DE COMPUTADORES;2;2022;2;TIAGO ALVES DA FONSECA;60h;24M34;60;55;FGA - SALA S6 E MOCAP;;;Mocap;UED;60.0;;
173;FGA0147 - ESTRUTURA DE DADOS E ALGORITMOS;1;2022;2;BRUNO CESAR RIBAS;60h;35T23;130;114;FGA - SALA S1;;;S1;UAC;130.0;;
174;FGA0147 - ESTRUTURA DE DADOS E ALGORITMOS;2;2022;2;NILTON CORREIA DA SILVA;60h;35M34;42;38;FGA - SALA I6;;;I6;UAC;40.0;;
175;FGA0147 - ESTRUTURA DE DADOS E ALGORITMOS;3;2022;2;FABRICIO ATAIDES BRAZ;30h;5M5 2T6 5T1 2N1;60;44;FGA - S10;;;S10;UAC;80.0;;
176;FGA0147 - ESTRUTURA DE DADOS E ALGORITMOS;3;2022;2;NILTON CORREIA DA SILVA;30h;5M5 2T6 5T1 2N1;60;44;FGA - S10;;;S10;UAC;80.0;;
177;FGA0148 - ENGENHARIA DE SEGURANÇA DO TRABALHO;1;2022;2;MARIA ALZIRA DE ARAUJO NUNES;30h;2M34;60;56;FGA - SALA I2;;;I2;UAC;60.0;;
178;FGA0148 - ENGENHARIA DE SEGURANÇA DO TRABALHO;2;2022;2;MARIA ALZIRA DE ARAUJO NUNES;30h;2M12;120;118;FGA - SALA S3;;;S3;UAC;130.0;;
179;FGA0150 - PROJETO INTEGRADOR DE ENGENHARIA 1;1;2022;2;JULIANA PETROCCHI RODRIGUES;60h;24T45;35;27;FGA - SALA S2;;;S2;UAC;130.0;;
180;FGA0150 - PROJETO INTEGRADOR DE ENGENHARIA 1;2;2022;2;DIOGO CAETANO GARCIA;60h;24T45;35;34;FGA - SALA S2 / I1;;;S2;UAC;130.0;;
181;FGA0150 - PROJETO INTEGRADOR DE ENGENHARIA 1;2;2022;2;DIOGO CAETANO GARCIA;60h;24T45;35;34;FGA - SALA S2 / I1;;;I1;UAC;45.0;;
182;FGA0150 - PROJETO INTEGRADOR DE ENGENHARIA 1;3;2022;2;JUNGPYO LEE;60h;24T45;35;28;FGA - SALA S2 e S5;;;S2;UAC;130.0;;
183;FGA0150 - PROJETO INTEGRADOR DE ENGENHARIA 1;3;2022;2;JUNGPYO LEE;60h;24T45;35;28;FGA - SALA S2 e S5;;;S5;UAC;45.0;;
184;FGA0150 - PROJETO INTEGRADOR DE ENGENHARIA 1;5;2022;2;RICARDO AJAX DIAS KOSLOSKI;60h;24T45;45;43;FGA - SALA S2 E I4;;;S2;UAC;130.0;;
185;FGA0150 - PROJETO INTEGRADOR DE ENGENHARIA 1;5;2022;2;RICARDO AJAX DIAS KOSLOSKI;60h;24T45;45;43;FGA - SALA S2 E I4;;;I4;UAC;45.0;;
186;FGA0150 - PROJETO INTEGRADOR DE ENGENHARIA 1;6;2022;2;BRUNO LUIZ PEREIRA;60h;24T45;60;35;FGA I-8 e S-6;;;I8;UAC;45.0;;
187;FGA0150 - PROJETO INTEGRADOR DE ENGENHARIA 1;6;2022;2;BRUNO LUIZ PEREIRA;60h;24T45;60;35;FGA I-8 e S-6;;;S6;UAC;60.0;;
188;FGA0152 - ERGONOMIA DO PRODUTO;1;2022;2;MATEUS RODRIGUES MIRANDA;60h;35T23;50;11;FGA - SALA MOCAP;;;Mocap;UED;60.0;;
189;FGA0154 - MECANICA DOS SÓLIDOS 1 PARA ENGENHARIA;1;2022;2;SERGIO HENRIQUE DA SILVA CARNEIRO;60h;35M12;80;34;FGA - SALA S3;;;S3;UAC;130.0;;
190;FGA0154 - MECANICA DOS SÓLIDOS 1 PARA ENGENHARIA;2;2022;2;GLAUCENY CIRNE DE MEDEIROS;60h;46T23;80;63;FGA - SALA S9;;;S9;UAC;130.0;;
191;FGA0154 - MECANICA DOS SÓLIDOS 1 PARA ENGENHARIA;3;2022;2;SUZANA MOREIRA AVILA;60h;35M34;80;30;FGA - SALA S3;;;S3;UAC;130.0;;
192;FGA0155 - INTRODUÇÃO AO DESIGN E CONCEPÇÃO DE VEÍCULOS;1;2022;2;ENEIDA GONZALEZ VALDES;60h;46T23;40;10;FGA - SALA I7;;;I7;UAC;40.0;;
193;FGA0156 - COMBUSTÍVEIS E BIOCOMBUSTÍVEIS;1;2022;2;ROSEANY DE VASCONCELOS VIEIRA LOPES;60h;3M12 6T23;45;8;FGA - SALA I5 / I4;;;I5;UAC;45.0;;
194;FGA0156 - COMBUSTÍVEIS E BIOCOMBUSTÍVEIS;1;2022;2;ROSEANY DE VASCONCELOS VIEIRA LOPES;60h;3M12 6T23;45;8;FGA - SALA I5 / I4;;;I4;UAC;45.0;;
195;FGA0157 - PROBABILIDADE E ESTATÍSTICA APLICADO A ENGENHARIA;1;2022;2;MARILIA MIRANDA FORTE GOMES;60h;46T23;130;104;FGA - SALA S3;;;S3;UAC;130.0;;
196;FGA0157 - PROBABILIDADE E ESTATÍSTICA APLICADO A ENGENHARIA;2;2022;2;RODRIGO ANDRES MIRANDA CERDA;60h;46M34;130;88;FGA - SALA S3;;;S3;UAC;130.0;;
197;FGA0158 - ORIENTAÇÃO A OBJETOS;1;2022;2;FABIANA FREITAS MENDES;60h;24T45;60;49;FGA - SALA S10;;;S10;UAC;80.0;;
198;FGA0158 - ORIENTAÇÃO A OBJETOS;2;2022;2;FABIANA FREITAS MENDES;60h;24M12;40;38;FGA - SALA I7;;;I7;UAC;40.0;;
199;FGA0158 - ORIENTAÇÃO A OBJETOS;3;2022;2;ANDRE LUIZ PERON MARTINS LANNA;60h;24T23;40;40;FGA - SALA I6;;;I6;UAC;40.0;;
200;FGA0158 - ORIENTAÇÃO A OBJETOS;4;2022;2;LUIS FILOMENO DE JESUS FERNANDES;60h;46T23;70;45;FGA - SALA S10;;;S10;UAC;80.0;;
201;FGA0158 - ORIENTAÇÃO A OBJETOS;5;2022;2;ELAINE VENSON;30h;7M1234;92;87;FGA - ANFITEATRO;;;Anfiteatro;UAC;240.0;;
202;FGA0158 - ORIENTAÇÃO A OBJETOS;5;2022;2;REJANE MARIA DA COSTA FIGUEIREDO;30h;7M1234;92;87;FGA - ANFITEATRO;;;Anfiteatro;UAC;240.0;;
203;FGA0160 - MÉTODOS NUMÉRICOS PARA ENGENHARIA;1;2022;2;LINDOMAR BOMFIM DE CARVALHO DE JESUS;60h;24M12;130;16;FGA - SALA S9;;;S9;UAC;130.0;;
204;FGA0160 - MÉTODOS NUMÉRICOS PARA ENGENHARIA;2;2022;2;RODRIGO ANDRES MIRANDA CERDA;60h;46T45;130;127;FGA - SALA I9;;;I9;UAC;130.0;;
205;FGA0160 - MÉTODOS NUMÉRICOS PARA ENGENHARIA;3;2022;2;LUCIANO EMIDIO NEVES DA FONSECA;60h;24T45;80;22;FGA - SALA I10;;;I10;UAC;80.0;;
206;FGA0161 - ENGENHARIA E AMBIENTE;1;2022;2;MARIA VITORIA DUARTE FERRARI;60h;46M12;130;93;FGA - SALA S3;;;S3;UAC;130.0;;
207;FGA0161 - ENGENHARIA E AMBIENTE;2;2022;2;JOSIANE DO SOCORRO AGUIAR DE SOUZA DE OLIVEIRA CAMPOS;60h;24T45;240;111;FGA - SALA ANFITEATRO;;;Anfiteatro;UAC;240.0;;
208;FGA0161 - ENGENHARIA E AMBIENTE;3;2022;2;FERNANDO PAIVA SCARDUA;60h;35M34;130;82;FGA - SALA S1;;;S1;UAC;130.0;;
209;FGA0163 - INTRODUÇÃO À ENGENHARIA;1;2022;2;RAFAEL RODRIGUES DA SILVA;30h;2M12;240;80;FGA - SALA ANFITEATRO;;;Anfiteatro;UAC;240.0;;
210;FGA0163 - INTRODUÇÃO À ENGENHARIA;2;2022;2;RONNE TOLEDO;30h;2T23;130;113;FGA - SALA S3;;;S3;UAC;130.0;;
211;FGA0163 - INTRODUÇÃO À ENGENHARIA;3;2022;2;MARCELINO MONTEIRO DE ANDRADE;30h;4T23;130;88;FGA - SALA ANFITEATRO;;;Anfiteatro;UAC;240.0;;
212;FGA0164 - HUMANIDADES E CIDADANIA;1;2022;2;VANESSA MARIA DE CASTRO;60h;35T23;80;72;FGA - SALA S2;;;S2;UAC;130.0;;
213;FGA0164 - HUMANIDADES E CIDADANIA;2;2022;2;SANDRA MARIA FALEIROS LIMA;60h;46T23;45;45;FGA - SALA I1;;;I1;UAC;45.0;;
214;FGA0164 - HUMANIDADES E CIDADANIA;3;2022;2;VANESSA MARIA DE CASTRO;60h;35T45;80;75;FGA - SALA S2;;;S2;UAC;130.0;;
215;FGA0164 - HUMANIDADES E CIDADANIA;4;2022;2;SANDRA MARIA FALEIROS LIMA;60h;46M5 46T1;80;75;FGA - SALA S2;;;S2;UAC;130.0;;
216;FGA0164 - HUMANIDADES E CIDADANIA;5;2022;2;SANDRA MARIA FALEIROS LIMA;60h;46T45;60;54;FGA - SALA S4;;;S4;UAC;130.0;;
217;FGA0164 - HUMANIDADES E CIDADANIA;6;2022;2;MÁRCIO HENRIQUE DE CARVALHO;60h;6M1234;80;68;FGA - SALA ANFITEATRO;;;Anfiteatro;UAC;240.0;;
218;FGA0164 - HUMANIDADES E CIDADANIA;7;2022;2;MÁRCIO HENRIQUE DE CARVALHO;60h;24M12;60;54;FGA - SALA I2;;;I2;UAC;60.0;;
219;FGA0166 - ELEMENTOS E MÉTODOS EM ELETRÔNICA;1;2022;2;FABIANO ARAUJO SOARES;60h;35T23;60;17;FGA - SALA I2;;;I2;UAC;60.0;;
220;FGA0167 - SISTEMAS AUTOMOTIVOS;1;2022;2;SALEH BARBOSA KHALIL;60h;46M34;45;42;FGA - SALA S2 E S1;;;S2;UAC;130.0;;
221;FGA0167 - SISTEMAS AUTOMOTIVOS;1;2022;2;SALEH BARBOSA KHALIL;60h;46M34;45;42;FGA - SALA S2 E S1;;;S1;UAC;130.0;;
222;FGA0168 - DESENHO INDUSTRIAL ASSISTIDO POR COMPUTADOR;1;2022;2;HIMILSYS HERNANDEZ GONZALEZ;30h;246M12;70;39;FGA - SALA I10;;;I10;UAC;80.0;;
223;FGA0168 - DESENHO INDUSTRIAL ASSISTIDO POR COMPUTADOR;1;2022;2;SALEH BARBOSA KHALIL;60h;246M12;70;39;FGA - SALA I10;;;I10;UAC;80.0;;
224;FGA0168 - DESENHO INDUSTRIAL ASSISTIDO POR COMPUTADOR;2;2022;2;CRISTIAN VENDITTOZZI;90h;235M34;70;62;FGA - SALA I10;;;I10;UAC;80.0;;
225;FGA0168 - DESENHO INDUSTRIAL ASSISTIDO POR COMPUTADOR;3;2022;2;MATEUS RODRIGUES MIRANDA;90h;356T45;70;43;FGA - SALA S10;;;S10;UAC;80.0;;
226;FGA0168 - DESENHO INDUSTRIAL ASSISTIDO POR COMPUTADOR;4;2022;2;HIMILSYS HERNANDEZ GONZALEZ;90h;235M34;70;56;FGA - SALA S10;;;S10;UAC;80.0;;
227;FGA0168 - DESENHO INDUSTRIAL ASSISTIDO POR COMPUTADOR;5;2022;2;ENEIDA GONZALEZ VALDES;90h;246M12;75;58;FGA - SALA S10;;;S10;UAC;80.0;;
228;FGA0169 - FONTES DE ENERGIA E TECNOLOGIAS DE CONVERSÃO;1;2022;2;AUGUSTO CESAR DE MENDONCA BRASIL;60h;46M12;60;34;FGA - SALA S7;;;S7;UAC;60.0;;
229;FGA0170 - FUNDAMENTOS DE SISTEMAS OPERACIONAIS;1;2022;2;TIAGO ALVES DA FONSECA;60h;26M12;80;75;FGA - SALA S09 E S4;;;S9;UAC;130.0;;
230;FGA0170 - FUNDAMENTOS DE SISTEMAS OPERACIONAIS;1;2022;2;TIAGO ALVES DA FONSECA;60h;26M12;80;75;FGA - SALA S09 E S4;;;S4;UAC;130.0;;
231;FGA0172 - REQUISITOS DE SOFTWARE;1;2022;2;GEORGE MARSICANO CORREA;60h;35T23;45;33;FGA - SALA I7;;;I7;UAC;40.0;;
232;FGA0172 - REQUISITOS DE SOFTWARE;2;2022;2;ANDRE BARROS DE SALES;60h;35M34;48;48;FGA - SALA I5;;;I5;UAC;45.0;;
233;FGA0173 - INTERAÇÃO HUMANO COMPUTADOR;1;2022;2;SERGIO ANTONIO ANDRADE DE FREITAS;60h;24M34;42;39;FGA - SALA S7 E I6;;;S7;UAC;60.0;;
234;FGA0173 - INTERAÇÃO HUMANO COMPUTADOR;1;2022;2;SERGIO ANTONIO ANDRADE DE FREITAS;60h;24M34;42;39;FGA - SALA S7 E I6;;;I6;UAC;40.0;;
235;FGA0173 - INTERAÇÃO HUMANO COMPUTADOR;2;2022;2;ANDRE BARROS DE SALES;60h;35M12;51;46;FGA - SALA MOCAP;;;Mocap;UED;60.0;;
236;FGA0175 - ENGENHARIA DE PETRÓLEO E GÁS;1;2022;2;FELIPE CHAGAS STORTI;60h;35T45;45;27;FGA - SALA S5;;;S5;UAC;45.0;;
237;FGA0177 - ANÁLISE INSTRUMENTAL DE COMBUSTÍVEIS;1;2022;2;MARIA DEL PILAR HIDALGO FALLA;60h;35T23;45;4;FGA - SALA I5;;;I5;UAC;45.0;;
238;FGA0179 - MECANICA DOS SÓLIDOS 2 PARA ENGENHARIA;1;2022;2;RITA DE CASSIA SILVA;60h;35M34;50;15;FGA - SALA I9;;;I9;UAC;130.0;;
239;FGA0179 - MECANICA DOS SÓLIDOS 2 PARA ENGENHARIA;2;2022;2;MAURA ANGELICA MILFONT SHZU;60h;35T45;50;43;FGA - SALA S7;;;S7;UAC;60.0;;
240;FGA0184 - GESTÃO DA PRODUÇÃO E QUALIDADE;1;2022;2;MARIO DE OLIVEIRA ANDRADE;60h;35T45;130;128;FGA - SALA S3;;;S3;UAC;130.0;;
241;FGA0184 - GESTÃO DA PRODUÇÃO E QUALIDADE;2;2022;2;REJANE MARIA DA COSTA FIGUEIREDO;60h;35T23;130;45;FGA - SALA I9;;;I9;UAC;130.0;;
242;FGA0186 - ELETRICIDADE APLICADA;1;2022;2;JORGE ANDRES CORMANE ANGARITA;90h;2M1234 4M12;2;1;FGA - SALA I8 E LAB ELET;;;I8;UAC;45.0;;
243;FGA0186 - ELETRICIDADE APLICADA;1;2022;2;JORGE ANDRES CORMANE ANGARITA;90h;2M1234 4M12;2;1;FGA - SALA I8 E LAB ELET;;;Lab.Eletr.;UED;20.0;;
244;FGA0186 - ELETRICIDADE APLICADA;2;2022;2;FLAVIO HENRIQUE JUSTINIANO RIBEIRO DA SILVA;60h;6M12 24T45;2;0;FGA - SALA S8 E LAB ELET;;;S8;UAC;45.0;;
245;FGA0186 - ELETRICIDADE APLICADA;2;2022;2;FLAVIO HENRIQUE JUSTINIANO RIBEIRO DA SILVA;60h;6M12 24T45;2;0;FGA - SALA S8 E LAB ELET;;;Lab.Eletr.;UED;20.0;;
246;FGA0186 - ELETRICIDADE APLICADA;2;2022;2;RUDI HENRI VAN ELS;30h;6M12 24T45;2;0;FGA - SALA S8 E LAB ELET;;;S8;UAC;45.0;;
247;FGA0186 - ELETRICIDADE APLICADA;2;2022;2;RUDI HENRI VAN ELS;30h;6M12 24T45;2;0;FGA - SALA S8 E LAB ELET;;;Lab.Eletr.;UED;20.0;;
248;FGA0188 - MÉTODOS EXPERIMENTAIS PARA ENGENHARIA;1;2022;2;RODRIGO ARBEY MUNOZ MENESES;60h;35T45;15;14;FGA - SALA S6 E LAB MAT;;;S6;UAC;60.0;;
249;FGA0188 - MÉTODOS EXPERIMENTAIS PARA ENGENHARIA;1;2022;2;RODRIGO ARBEY MUNOZ MENESES;60h;35T45;15;14;FGA - SALA S6 E LAB MAT;;;Lab.Mater.;UED;1.0;;
250;FGA0188 - MÉTODOS EXPERIMENTAIS PARA ENGENHARIA;2;2022;2;RODRIGO ARBEY MUNOZ MENESES;60h;3T45 56T4;15;2;FGA - SALA S6 E LAB MAT;;;S6;UAC;60.0;;
251;FGA0188 - MÉTODOS EXPERIMENTAIS PARA ENGENHARIA;2;2022;2;RODRIGO ARBEY MUNOZ MENESES;60h;3T45 56T4;15;2;FGA - SALA S6 E LAB MAT;;;Lab.Mater.;UED;1.0;;
252;FGA0188 - MÉTODOS EXPERIMENTAIS PARA ENGENHARIA;3;2022;2;RODRIGO ARBEY MUNOZ MENESES;60h;3T45 5T4 6T5;15;0;FGA - SALA S6 E LAB MAT;;;S6;UAC;60.0;;
253;FGA0188 - MÉTODOS EXPERIMENTAIS PARA ENGENHARIA;3;2022;2;RODRIGO ARBEY MUNOZ MENESES;60h;3T45 5T4 6T5;15;0;FGA - SALA S6 E LAB MAT;;;Lab.Mater.;UED;1.0;;
254;FGA0190 - PROJETO DE ELEMENTOS AUTOMOTIVOS;1;2022;2;ALESSANDRO BORGES DE SOUSA OLIVEIRA;90h;246M34;45;5;FGA - SALA I4;;;I4;UAC;45.0;;
255;FGA0191 - MATERIAIS COMPOSTOS E PLÁSTICOS;1;2022;2;SANDRA MARIA DA LUZ;30h;35T23;45;10;FGA - SALA I4;;;I4;UAC;45.0;;
256;FGA0191 - MATERIAIS COMPOSTOS E PLÁSTICOS;1;2022;2;EMMANUEL PACHECO ROCHA LIMA;30h;35T23;45;10;FGA - SALA I4;;;I4;UAC;45.0;;
257;FGA0194 - ARQUITETURA DE MOTORES DE COMBUSTÃO INTERNA;1;2022;2;FABIO CORDEIRO DE LISBOA;60h;46T23;25;9;FGA - LDTEA SALA 3;;;LD.Sala-3;LDTEA;1.0;;
258;FGA0195 - GESTÃO DA PRODUÇÃO AUTOMOTIVA;1;2022;2;MARIO DE OLIVEIRA ANDRADE;60h;35T6 35N1;45;34;FGA - SALA I1;;;I1;UAC;45.0;;
259;FGA0201 - PROJETO DE CIRCUITOS INTEGRADOS DIGITAIS;1;2022;2;GILMAR SILVA BESERRA;60h;35M12;45;13;FGA - SALA LAB SS;;;Lab.SS;UED;45.0;;
260;FGA0204 - DINÂMICA DOS FLUÍDOS;1;2022;2;AUGUSTO CESAR DE MENDONCA BRASIL;15h;26M34 4M3;25;23;FGA - SALA S8 /LAB TERMOFLUIDOS / SALA I3;;;S8;UAC;45.0;;
261;FGA0204 - DINÂMICA DOS FLUÍDOS;1;2022;2;AUGUSTO CESAR DE MENDONCA BRASIL;15h;26M34 4M3;25;23;FGA - SALA S8 /LAB TERMOFLUIDOS / SALA I3;;;Lab.Termoflui.;UED;25.0;;
262;FGA0204 - DINÂMICA DOS FLUÍDOS;1;2022;2;AUGUSTO CESAR DE MENDONCA BRASIL;15h;26M34 4M3;25;23;FGA - SALA S8 /LAB TERMOFLUIDOS / SALA I3;;;I3;UAC;60.0;;
263;FGA0204 - DINÂMICA DOS FLUÍDOS;1;2022;2;LUCIANO GONCALVES NOLETO;60h;26M34 4M3;25;23;FGA - SALA S8 /LAB TERMOFLUIDOS / SALA I3;;;S8;UAC;45.0;;
264;FGA0204 - DINÂMICA DOS FLUÍDOS;1;2022;2;LUCIANO GONCALVES NOLETO;60h;26M34 4M3;25;23;FGA - SALA S8 /LAB TERMOFLUIDOS / SALA I3;;;Lab.Termoflui.;UED;25.0;;
265;FGA0204 - DINÂMICA DOS FLUÍDOS;1;2022;2;LUCIANO GONCALVES NOLETO;60h;26M34 4M3;25;23;FGA - SALA S8 /LAB TERMOFLUIDOS / SALA I3;;;I3;UAC;60.0;;
266;FGA0204 - DINÂMICA DOS FLUÍDOS;2;2022;2;AUGUSTO CESAR DE MENDONCA BRASIL;15h;26M34 4M4;20;17;FGA - SALA S8 / LAB TERMOFLUIDOS/ SALA I3;;;S8;UAC;45.0;;
267;FGA0204 - DINÂMICA DOS FLUÍDOS;2;2022;2;AUGUSTO CESAR DE MENDONCA BRASIL;15h;26M34 4M4;20;17;FGA - SALA S8 / LAB TERMOFLUIDOS/ SALA I3;;;Lab.Termoflui.;UED;25.0;;
268;FGA0204 - DINÂMICA DOS FLUÍDOS;2;2022;2;AUGUSTO CESAR DE MENDONCA BRASIL;15h;26M34 4M4;20;17;FGA - SALA S8 / LAB TERMOFLUIDOS/ SALA I3;;;I3;UAC;60.0;;
269;FGA0204 - DINÂMICA DOS FLUÍDOS;2;2022;2;LUCIANO GONCALVES NOLETO;60h;26M34 4M4;20;17;FGA - SALA S8 / LAB TERMOFLUIDOS/ SALA I3;;;S8;UAC;45.0;;
270;FGA0204 - DINÂMICA DOS FLUÍDOS;2;2022;2;LUCIANO GONCALVES NOLETO;60h;26M34 4M4;20;17;FGA - SALA S8 / LAB TERMOFLUIDOS/ SALA I3;;;Lab.Termoflui.;UED;25.0;;
271;FGA0204 - DINÂMICA DOS FLUÍDOS;2;2022;2;LUCIANO GONCALVES NOLETO;60h;26M34 4M4;20;17;FGA - SALA S8 / LAB TERMOFLUIDOS/ SALA I3;;;I3;UAC;60.0;;
272;FGA0206 - ENGENHARIA DE PRODUTO DE SOFTWARE;1;2022;2;HILMER RODRIGUES NERI;60h;35T23;46;45;FGA - SALA I8;;;I8;UAC;45.0;;
273;FGA0208 - ARQUITETURA E DESENHO DE SOFTWARE;1;2022;2;MILENE SERRANO;60h;26M12;60;55;FGA - SALA MOCAP;;;Mocap;UED;60.0;;
274;FGA0210 - PARADIGMAS DE PROGRAMAÇÃO;1;2022;2;MILENE SERRANO;60h;26M34;41;40;FGA - SALA I6;;;I6;UAC;40.0;;
275;FGA0211 - FUNDAMENTOS DE REDES DE COMPUTADORES;1;2022;2;FERNANDO WILLIAM CRUZ;60h;24T45;42;38;FGA - SALA I7 E I8;;;I7;UAC;40.0;;
276;FGA0211 - FUNDAMENTOS DE REDES DE COMPUTADORES;1;2022;2;FERNANDO WILLIAM CRUZ;60h;24T45;42;38;FGA - SALA I7 E I8;;;I8;UAC;45.0;;
277;FGA0214 - TÓPICOS ESPECIAIS EM ENGENHARIA AUTOMOTIVA;1;2022;2;FABIO CORDEIRO DE LISBOA;60h;2T2345;20;16;FGA - SALA I4 (Manutenção Automotiva);;;I4;UAC;45.0;;
278;FGA0214 - TÓPICOS ESPECIAIS EM ENGENHARIA AUTOMOTIVA;2;2022;2;BRUNO LUIZ PEREIRA;60h;25T23;16;10;FGA - SALA I5 e MULTIUSO (Fund.Veículos Elétricos);;;I5;UAC;45.0;;
279;FGA0214 - TÓPICOS ESPECIAIS EM ENGENHARIA AUTOMOTIVA;2;2022;2;BRUNO LUIZ PEREIRA;60h;25T23;16;10;FGA - SALA I5 e MULTIUSO (Fund.Veículos Elétricos);;;Multi.;UAC;25.0;;
280;FGA0219 - PROCESSAMENTO DE SINAIS;1;2022;2;CRISTIANO JACQUES MIOSSO RODRIGUES MENDES;60h;46M12;45;19;FGA - SALA MOCAP / SALA I1;;;Mocap;UED;60.0;;
281;FGA0219 - PROCESSAMENTO DE SINAIS;1;2022;2;CRISTIANO JACQUES MIOSSO RODRIGUES MENDES;60h;46M12;45;19;FGA - SALA MOCAP / SALA I1;;;I1;UAC;45.0;;
282;FGA0221 - INTELIGÊNCIA ARTIFICIAL;1;2022;2;FABIANO ARAUJO SOARES;60h;35T45;45;35;FGA - SALA I1;;;I1;UAC;45.0;;
283;FGA0224 - COMUNICAÇÕES DIGITAIS PARA ENGENHARIA;1;2022;2;DANIEL COSTA ARAUJO;60h;35M34;20;5;FGA - I7;;;I7;UAC;40.0;;
284;FGA0226 - ELETRÔNICA VEICULAR;1;2022;2;EVANDRO LEONARDO SILVA TEIXEIRA;60h;35M34;16;12;FGA - LAB SHP;;;Cont-8-SHP;;;;
285;FGA0228 - PROJETO DE SISTEMAS AUTOMOTIVOS;1;2022;2;CARLA TATIANA MOTA ANFLOR;60h;24M12;45;10;FGA - SALA S5;;;S5;UAC;45.0;;
286;FGA0229 - ANÁLISE ESTRUTURAL MÉTODO DOS ELEMENTOS FINITOS;1;2022;2;MAURA ANGELICA MILFONT SHZU;60h;35T23;40;12;FGA - SALA I6;;;I6;UAC;40.0;;
287;FGA0230 - DINÂMICA DE VEÍCULOS;1;2022;2;SUZANA MOREIRA AVILA;60h;35M12;30;7;FGA - SALA I8;;;I8;UAC;45.0;;
288;FGA0232 - INTEGRAÇÃO E TESTES;1;2022;2;HENRIQUE GOMES DE MOURA;60h;24M34;45;10;FGA - SALA I1 E S7;;;I1;UAC;45.0;;
289;FGA0232 - INTEGRAÇÃO E TESTES;1;2022;2;HENRIQUE GOMES DE MOURA;60h;24M34;45;10;FGA - SALA I1 E S7;;;S7;UAC;60.0;;
290;FGA0233 - SENSORES E TRANSDUTORES;1;2022;2;RAFAEL RODRIGUES DA SILVA;60h;24T45;16;7;FGA - SALA I3;;;I3;UAC;60.0;;
291;FGA0235 - TÓPICOS ESPECIAIS 1 EM ENGENHARIA DE ENERGIA;1;2022;2;LUCIANO GONCALVES NOLETO;60h;2T2345;10;7;FGA - LAB TERMODINÂMICA;;;Lab.Termodin.;UED;25.0;;
292;FGA0238 - TESTES DE SOFTWARE;1;2022;2;ELAINE VENSON;60h;24T45;50;21;FGA - SALA S7 E MOCAP;;;S7;UAC;60.0;;
293;FGA0238 - TESTES DE SOFTWARE;1;2022;2;ELAINE VENSON;60h;24T45;50;21;FGA - SALA S7 E MOCAP;;;Mocap;UED;60.0;;
294;FGA0238 - TESTES DE SOFTWARE;2;2022;2;ELAINE VENSON;60h;24T23;72;66;FGA - SALA S9 E MOCAP;;;S9;UAC;130.0;;
295;FGA0238 - TESTES DE SOFTWARE;2;2022;2;ELAINE VENSON;60h;24T23;72;66;FGA - SALA S9 E MOCAP;;;Mocap;UED;60.0;;
296;FGA0240 - GERÊNCIA DE CONFIGURAÇÃO E EVOLUÇÃO DE SOFTWARE;1;2022;2;CARLA SILVA ROCHA AGUIAR;60h;35T45;51;48;FGA - SALA I8;;;I8;UAC;45.0;;
297;FGA0240 - GERÊNCIA DE CONFIGURAÇÃO E EVOLUÇÃO DE SOFTWARE;2;2022;2;RENATO CORAL SAMPAIO;60h;35T45;55;46;FGA - SALA MOCAP e Lab SS;;;Mocap;UED;60.0;;
298;FGA0242 - TÉCNICAS DE PROGRAMAÇÃO EM PLATAFORMAS EMERGENTES;1;2022;2;ANDRE LUIZ PERON MARTINS LANNA;60h;24T45;40;39;FGA - SALA I2 E I7;;;I2;UAC;60.0;;
299;FGA0242 - TÉCNICAS DE PROGRAMAÇÃO EM PLATAFORMAS EMERGENTES;1;2022;2;ANDRE LUIZ PERON MARTINS LANNA;60h;24T45;40;39;FGA - SALA I2 E I7;;;I7;UAC;40.0;;
300;FGA0242 - TÉCNICAS DE PROGRAMAÇÃO EM PLATAFORMAS EMERGENTES;2;2022;2;ANDRE LUIZ PERON MARTINS LANNA;60h;24M5 24T1;44;44;FGA - I6;;;I6;UAC;40.0;;
301;FGA0244 - PROGRAMAÇÃO PARA SISTEMAS PARALELOS E DISTRIBUÍDOS;1;2022;2;FERNANDO WILLIAM CRUZ;60h;24T23;55;32;FGA - SALA S5 E S6;;;S5;UAC;45.0;;
302;FGA0244 - PROGRAMAÇÃO PARA SISTEMAS PARALELOS E DISTRIBUÍDOS;1;2022;2;FERNANDO WILLIAM CRUZ;60h;24T23;55;32;FGA - SALA S5 E S6;;;S6;UAC;60.0;;
303;FGA0250 - PROJETO INTEGRADOR DE ENGENHARIA 2;1;2022;2;ALEX REIS;90h;4T45 6T2345;35;32;FGA - SALA S-1 e ANFITEATRO;;;S1;UAC;130.0;;
304;FGA0250 - PROJETO INTEGRADOR DE ENGENHARIA 2;1;2022;2;ALEX REIS;90h;4T45 6T2345;35;32;FGA - SALA S-1 e ANFITEATRO;;;Anfiteatro;UAC;240.0;;
305;FGA0250 - PROJETO INTEGRADOR DE ENGENHARIA 2;2;2022;2;RHANDER VIANA;90h;4T45 6T2345;130;18;FGA - SALA S-1 e ANFITEATRO;;;S1;UAC;130.0;;
306;FGA0250 - PROJETO INTEGRADOR DE ENGENHARIA 2;2;2022;2;RHANDER VIANA;90h;4T45 6T2345;130;18;FGA - SALA S-1 e ANFITEATRO;;;Anfiteatro;UAC;240.0;;
307;FGA0250 - PROJETO INTEGRADOR DE ENGENHARIA 2;3;2022;2;ARTUR ELIAS DE MORAIS BERTOLDI;90h;4T45 6T2345;35;10;FGA - SALA S-1 e ANFITEATRO;;;S1;UAC;130.0;;
308;FGA0250 - PROJETO INTEGRADOR DE ENGENHARIA 2;3;2022;2;ARTUR ELIAS DE MORAIS BERTOLDI;90h;4T45 6T2345;35;10;FGA - SALA S-1 e ANFITEATRO;;;Anfiteatro;UAC;240.0;;
309;FGA0250 - PROJETO INTEGRADOR DE ENGENHARIA 2;4;2022;2;JOSE FELICIO DA SILVA;90h;4T45 6T2345;35;3;FGA - SALA S-1 e ANFITEATRO;;;S1;UAC;130.0;;
310;FGA0250 - PROJETO INTEGRADOR DE ENGENHARIA 2;4;2022;2;JOSE FELICIO DA SILVA;90h;4T45 6T2345;35;3;FGA - SALA S-1 e ANFITEATRO;;;Anfiteatro;UAC;240.0;;
311;FGA0250 - PROJETO INTEGRADOR DE ENGENHARIA 2;5;2022;2;RICARDO MATOS CHAIM;90h;4T45 6T2345;130;37;FGA - SALA S-1 e ANFITEATRO;;;S1;UAC;130.0;;
312;FGA0250 - PROJETO INTEGRADOR DE ENGENHARIA 2;5;2022;2;RICARDO MATOS CHAIM;90h;4T45 6T2345;130;37;FGA - SALA S-1 e ANFITEATRO;;;Anfiteatro;UAC;240.0;;
313;FGA0252 - SISTEMAS HIDROELÉTRICOS;1;2022;2;RUDI HENRI VAN ELS;15h;46M12 2T5;25;9;FGA - LAB TERMODINÂMICA/ LAB TERMOFLUIDOS;;;Lab.Termodin.;UED;25.0;;
314;FGA0252 - SISTEMAS HIDROELÉTRICOS;1;2022;2;RUDI HENRI VAN ELS;15h;46M12 2T5;25;9;FGA - LAB TERMODINÂMICA/ LAB TERMOFLUIDOS;;;Lab.Termoflui.;UED;25.0;;
315;FGA0252 - SISTEMAS HIDROELÉTRICOS;1;2022;2;LUCIANO GONCALVES NOLETO;60h;46M12 2T5;25;9;FGA - LAB TERMODINÂMICA/ LAB TERMOFLUIDOS;;;Lab.Termodin.;UED;25.0;;
316;FGA0252 - SISTEMAS HIDROELÉTRICOS;1;2022;2;LUCIANO GONCALVES NOLETO;60h;46M12 2T5;25;9;FGA - LAB TERMODINÂMICA/ LAB TERMOFLUIDOS;;;Lab.Termoflui.;UED;25.0;;
317;FGA0254 - CIÊNCIAS AEROESPACIAIS;1;2022;2;RAFAEL CASTILHO FARIA MENDES;60h;24M34;130;52;FGA - ANFITEATRO;;;Anfiteatro;UAC;240.0;;
318;FGA0258 - INSTRUMENTAÇÃO BIOMÉDICA 2;1;2022;2;EULER DE VILHENA GARCIA;60h;35M34;45;2;FGA - SALA S5;;;S5;UAC;45.0;;
319;FGA0259 - MODELAGEM DE SISTEMAS BIOLÓGICOS;1;2022;2;CRISTIANO JACQUES MIOSSO RODRIGUES MENDES;60h;46T23;25;18;FGA - SALA S5;;;S5;UAC;45.0;;
320;FGA0261 - TÓPICOS ESPECIAIS EM ELETRONICA;1;2022;2;DANIEL MAURICIO MUNOZ ARBOLEDA;60h;6T2345;12;6;FGA - SALA I8 / MOCAP;;;I8;UAC;45.0;;
321;FGA0261 - TÓPICOS ESPECIAIS EM ELETRONICA;1;2022;2;DANIEL MAURICIO MUNOZ ARBOLEDA;60h;6T2345;12;6;FGA - SALA I8 / MOCAP;;;Mocap;UED;60.0;;
322;FGA0262 - TRANSMISSÃO E DISTRIBUIÇÃO DE ENERGIA ELÉTRICA;1;2022;2;LOANA NUNES VELASCO;75h;4M345 6M34;40;10;FGA - SALA I3 / SALA S6 / LAB ELETR;;;I3;UAC;60.0;;
323;FGA0262 - TRANSMISSÃO E DISTRIBUIÇÃO DE ENERGIA ELÉTRICA;1;2022;2;LOANA NUNES VELASCO;75h;4M345 6M34;40;10;FGA - SALA I3 / SALA S6 / LAB ELETR;;;S6;UAC;60.0;;
324;FGA0262 - TRANSMISSÃO E DISTRIBUIÇÃO DE ENERGIA ELÉTRICA;1;2022;2;LOANA NUNES VELASCO;75h;4M345 6M34;40;10;FGA - SALA I3 / SALA S6 / LAB ELETR;;;Lab.Eletr.;UED;20.0;;
325;FGA0265 - ECONOMIA DE ENERGIA;1;2022;2;PAULA MEYER SOARES;60h;35M12;45;33;FGA - SALA S5;;;S5;UAC;45.0;;
326;FGA0266 - ACÚSTICA E VIBRAÇÕES VEICULARES;1;2022;2;MARIA ALZIRA DE ARAUJO NUNES;60h;35M12;15;12;FGA - SALA MULTIUSO;;;Multi.;UAC;25.0;;
327;FGA0267 - PROJETO DE ESTRUTURAS DE VEICULOS;1;2022;2;HENRIQUE GOMES DE MOURA;60h;24T23;60;4;FGA - SALA I3;;;I3;UAC;60.0;;
328;FGA0268 - ANÁLISE DINÂMICA MÉTODOS DOS ELEMENTOS FINITOS;1;2022;2;SUZANA MOREIRA AVILA;60h;46M12;10;2;SALA MULTIUSO - FGA;;;Multi.;UAC;25.0;;
329;FGA0270 - SISTEMAS HIDRÁULICOS E PNEUMÁTICOS;1;2022;2;ANDRE MURILO DE ALMEIDA PINTO;60h;24T23;8;2;FGA - SALA LAB SHP;;;Cont-8-SHP;;;;
330;FGA0270 - SISTEMAS HIDRÁULICOS E PNEUMÁTICOS;2;2022;2;ANDRE MURILO DE ALMEIDA PINTO;60h;4M5 2T23 4T1;8;0;FGA - SALA LAB SHP;;;Cont-8-SHP;;;;
331;FGA0273 - MELHORIA DE PROCESSOS DE SOFTWARE;1;2022;2;CRISTIANE SOARES RAMOS;60h;35T23;60;21;FGA - SALA S7;;;S7;UAC;60.0;;
332;FGA0274 - PRODUTIVIDADE E PROFISSIONALISMO EM ENGENHARIA DE SOFTWARE;1;2022;2;WANDER CLEBER MARIA PEREIRA DA SILVA;60h;24T23;45;19;FGA - SALA S8;;;S8;UAC;45.0;;
333;FGA0275 - ENGENHARIA DE SOFTWARE EXPERIMENTAL;1;2022;2;REJANE MARIA DA COSTA FIGUEIREDO;60h;35M34;45;23;FGA - SALA S8;;;S8;UAC;45.0;;
334;FGA0278 - QUALIDADE DE SOFTWARE 1;1;2022;2;CRISTIANE SOARES RAMOS;60h;35M34;60;53;FGA - SALA S7;;;S7;UAC;60.0;;
335;FGA0278 - QUALIDADE DE SOFTWARE 1;2;2022;2;RICARDO AJAX DIAS KOSLOSKI;60h;35T6 35N1;40;20;FGA - SALA I7;;;I7;UAC;40.0;;
336;FGA0281 - SISTEMAS DE PROPULSÃO LIQUIDA;1;2022;2;ARTUR ELIAS DE MORAIS BERTOLDI;60h;46M5 46T1;40;5;FGA - SALA I-5;;;I5;UAC;45.0;;
337;FGA0282 - FUNDAMENTOS DO PROJETO DE AERONAVES;1;2022;2;POLLIANA CANDIDA OLIVEIRA MARTINS;60h;46T23;15;9;FGA - SALA MULTIUSO;;;Multi.;UAC;25.0;;
338;FGA0283 - MECÂNICA DOS MATERIAIS COMPÓSITOS;1;2022;2;ARTEM ANDRIANOV;60h;35M34 (25/10/2022 - 18/02/2023);25;13;FGA - LAB TERMODINÂMICA;;;Lab.Termodin.;UED;25.0;;
339;FGA0285 - INTRODUÇÃO À MECÂNICA DA FRATURA;1;2022;2;CARLA TATIANA MOTA ANFLOR;60h;24M34 (25/10/2022 - 18/02/2023);30;6;FGA - LDTEA SALA 3;;;LD.Sala-3;LDTEA;1.0;;
340;FGA0286 - FUNDAMENTOS DO MÉTODO DOS ELEMENTOS FINITOS;1;2022;2;MANUEL NASCIMENTO DIAS BARCELOS JUNIOR;60h;35M12 (25/10/2022 - 18/02/2023);30;5;FGA - CONTEINER 04;;;Cont-4;Container;1.0;;
341;FGA0292 - INTRODUÇÃO À FOTÔNICA E OPTRÔNICA;1;2022;2;SEBASTIEN ROLAND MARIE JOSEPH RONDINEAU;60h;46M5 46T1 (25/10/2022 - 18/02/2023);45;9;FGA - SALA I3;;;I3;UAC;60.0;;
342;CIC0004 - ALGORITMOS E PROGRAMAÇÃO DE COMPUTADORES;8;2022;2;GIOVANNI ALMEIDA SANTOS;90h;46M34 2T23;80;70;46M34(I-10/FGA) 2T23(I-9/FGA);;;I10;UAC;80.0;;
343;CIC0004 - ALGORITMOS E PROGRAMAÇÃO DE COMPUTADORES;8;2022;2;GIOVANNI ALMEIDA SANTOS;90h;46M34 2T23;80;70;46M34(I-10/FGA) 2T23(I-9/FGA);;;I9;UAC;130.0;;
344;CIC0004 - ALGORITMOS E PROGRAMAÇÃO DE COMPUTADORES;9;2022;2;FABRICIO ATAIDES BRAZ;90h;35M12 2T45;80;71;35M12(I-10/FGA) 2T45(I-9/FGA);;;I10;UAC;80.0;;
345;CIC0004 - ALGORITMOS E PROGRAMAÇÃO DE COMPUTADORES;9;2022;2;FABRICIO ATAIDES BRAZ;90h;35M12 2T45;80;71;35M12(I-10/FGA) 2T45(I-9/FGA);;;I9;UAC;130.0;;
346;CIC0004 - ALGORITMOS E PROGRAMAÇÃO DE COMPUTADORES;10;2022;2;DANIEL SUNDFELD LIMA;90h;46M34 2T23;80;60;46M34(S-10/FGA) 2T23(I-10/FGA);;;S10;UAC;80.0;;
347;CIC0004 - ALGORITMOS E PROGRAMAÇÃO DE COMPUTADORES;10;2022;2;DANIEL SUNDFELD LIMA;90h;46M34 2T23;80;60;46M34(S-10/FGA) 2T23(I-10/FGA);;;I10;UAC;80.0;;
348;CIC0004 - ALGORITMOS E PROGRAMAÇÃO DE COMPUTADORES;11;2022;2;DANIEL SUNDFELD LIMA;90h;2M34 46T23;80;72;2M34(S-3/FGA) 46T23(I-10/FGA);;;S3;UAC;130.0;;
349;CIC0004 - ALGORITMOS E PROGRAMAÇÃO DE COMPUTADORES;11;2022;2;DANIEL SUNDFELD LIMA;90h;2M34 46T23;80;72;2M34(S-3/FGA) 46T23(I-10/FGA);;;I10;UAC;80.0;;
350;CIC0004 - ALGORITMOS E PROGRAMAÇÃO DE COMPUTADORES;12;2022;2;NILTON CORREIA DA SILVA;90h;35M12 2T45;80;57;35M12(S-10/FGA) 2T45(S-9/FGA);;;S10;UAC;80.0;;
351;CIC0004 - ALGORITMOS E PROGRAMAÇÃO DE COMPUTADORES;12;2022;2;NILTON CORREIA DA SILVA;90h;35M12 2T45;80;57;35M12(S-10/FGA) 2T45(S-9/FGA);;;S9;UAC;130.0;;
352;IFD0171 - FISICA 1;17;2022;2;LEANDRO XAVIER CARDOSO;60h;46T23;110;39;46T23 (I-9 - FGA);;;I9;UAC;130.0;;
353;IFD0171 - FISICA 1;18;2022;2;WYTLER CORDEIRO DOS SANTOS;60h;35T45;110;50;35T45 (I-9 - FGA);;;I9;UAC;130.0;;
354;IFD0171 - FISICA 1;19;2022;2;RAFAEL MORGADO SILVA;60h;24T45;110;50;24T45 (S-3 - FGA);;;S3;UAC;130.0;;
355;IFD0173 - FISICA 1 EXPERIMENTAL;1;2022;2;WYTLER CORDEIRO DOS SANTOS;30h;3T23;24;23;FGA - LAB FISICA;;;Lab.Fis-1;UED;25.0;;
356;IFD0173 - FISICA 1 EXPERIMENTAL;2;2022;2;RAFAEL MORGADO SILVA;30h;2T23;24;23;FGA - LAB FISICA;;;Lab.Fis-1;UED;25.0;;
357;IFD0173 - FISICA 1 EXPERIMENTAL;3;2022;2;RAFAEL CASTILHO FARIA MENDES;30h;3M34;24;21;FGA - LAB FISICA;;;Lab.Fis-1;UED;25.0;;
358;IFD0173 - FISICA 1 EXPERIMENTAL;6;2022;2;RAFAEL MORGADO SILVA;30h;2M12;24;21;FGA - LAB FISICA;;;Lab.Fis-1;UED;25.0;;
359;IFD0173 - FISICA 1 EXPERIMENTAL;11;2022;2;RONNI GERALDO GOMES DE AMORIM;30h;6M12;24;23;FGA - LAB FISICA;;;Lab.Fis-1;UED;25.0;;
360;IFD0173 - FISICA 1 EXPERIMENTAL;12;2022;2;RONNI GERALDO GOMES DE AMORIM;30h;4M34;24;24;FGA - LAB FISICA;;;Lab.Fis-1;UED;25.0;;
361;IFD0173 - FISICA 1 EXPERIMENTAL;13;2022;2;RONNI GERALDO GOMES DE AMORIM;30h;4M12;24;23;FGA - LAB FISICA;;;Lab.Fis-1;UED;25.0;;
362;IFD0173 - FISICA 1 EXPERIMENTAL;35;2022;2;WYTLER CORDEIRO DOS SANTOS;30h;5T23;24;24;FGA - LAB FISICA;;;Lab.Fis-1;UED;25.0;;
363;IFD0173 - FISICA 1 EXPERIMENTAL;36;2022;2;RAFAEL MORGADO SILVA;30h;4T23;24;19;FGA - LAB FISICA;;;Lab.Fis-1;UED;25.0;;
364;IFD0173 - FISICA 1 EXPERIMENTAL;37;2022;2;RAFAEL CASTILHO FARIA MENDES;30h;3M12;24;23;FGA - LAB FISICA;;;Lab.Fis-1;UED;25.0;;
365;IQD0125 - QUIMICA GERAL TEORICA;1;2022;2;FELIX MARTIN CARBAJAL GAMARRA;60h;35M12;65;17;FGA - SALA S4;;;S4;UAC;130.0;;
366;IQD0125 - QUIMICA GERAL TEORICA;2;2022;2;PATRICIA REGINA SOBRAL BRAGA;60h;35T23;65;60;FGA - SALA S9;;;S9;UAC;130.0;;
367;IQD0125 - QUIMICA GERAL TEORICA;3;2022;2;FELIX MARTIN CARBAJAL GAMARRA;60h;35M34;15;9;FGA - SALA MULTIUSO;;;Multi.;UAC;25.0;;
368;IQD0126 - QUIMICA GERAL EXPERIMENTAL;1;2022;2;PATRICIA REGINA SOBRAL BRAGA;30h;5M34;16;14;FGA - LAB QUIMICA;;;Lab.Quim.;UED;20.0;;
369;IQD0126 - QUIMICA GERAL EXPERIMENTAL;2;2022;2;MARCELO BENTO DA SILVA;30h;2T23;16;9;FGA - SALA LAB QUIM;;;Lab.Quim.;UED;20.0;;
370;IQD0126 - QUIMICA GERAL EXPERIMENTAL;3;2022;2;MARIA DEL PILAR HIDALGO FALLA;30h;3T45;16;14;FGA - SALA LAB QUIM;;;Lab.Quim.;UED;20.0;;
371;IQD0126 - QUIMICA GERAL EXPERIMENTAL;4;2022;2;PATRICIA REGINA SOBRAL BRAGA;30h;2M34;16;12;FGA - SALA LAB QUIM;;;Lab.Quim.;UED;20.0;;
372;IQD0126 - QUIMICA GERAL EXPERIMENTAL;10;2022;2;ROSEANY DE VASCONCELOS VIEIRA LOPES;30h;6M34;16;14;FGA - SALA LAB QUIM;;;Lab.Quim.;UED;20.0;;
373;IQD0126 - QUIMICA GERAL EXPERIMENTAL;11;2022;2;ROSEANY DE VASCONCELOS VIEIRA LOPES;30h;3M34;16;14;FGA - SALA LAB QUIM;;;Lab.Quim.;UED;20.0;;
374;IQD0126 - QUIMICA GERAL EXPERIMENTAL;12;2022;2;ANDREIA ALVES COSTA LINDINGER;30h;3T23;16;10;FGA - SALA LAB QUIM;;;Lab.Quim.;UED;20.0;;
375;IQD0126 - QUIMICA GERAL EXPERIMENTAL;13;2022;2;ANDREIA ALVES COSTA LINDINGER;30h;5T23;16;10;FGA - SALA LAB QUIM;;;Lab.Quim.;UED;20.0;;
376;IQD0126 - QUIMICA GERAL EXPERIMENTAL;22;2022;2;MARIA DEL PILAR HIDALGO FALLA;30h;5T45;16;4;FGA - LAB QUIMICA;;;Lab.Quim.;UED;20.0;;
377;IQD0126 - QUIMICA GERAL EXPERIMENTAL;23;2022;2;MARCELO BENTO DA SILVA;30h;2T45;16;3;FGA - SALA LAB QUIM;;;Lab.Quim.;UED;20.0;;
378;IQD0126 - QUIMICA GERAL EXPERIMENTAL;24;2022;2;YURI GUIMARAES DIAS;30h;4T45;16;4;FGA - SALA LAB QUIM;;;Lab.Quim.;UED;20.0;;
379;ENM0068 - TERMODINAMICA 1;4;2022;2;JULIANA PETROCCHI RODRIGUES;60h;26T23;60;26;FGA - SALA S6 / SALA I2;;;S6;UAC;60.0;;
380;ENM0068 - TERMODINAMICA 1;4;2022;2;JULIANA PETROCCHI RODRIGUES;60h;26T23;60;26;FGA - SALA S6 / SALA I2;;;I2;UAC;60.0;;
381;ENM0071 - TRANSFERENCIA DE CALOR;3;2022;2;FABIO ALFAIA DA CUNHA;90h;246M34;40;23;FGA - SALA I7/ SALA I8;;;I7;UAC;40.0;;
382;ENM0071 - TRANSFERENCIA DE CALOR;3;2022;2;FABIO ALFAIA DA CUNHA;90h;246M34;40;23;FGA - SALA I7/ SALA I8;;;I8;UAC;45.0;;
383;ENM0080 - FENOMENOS DE TRANSPORTE;2;2022;2;JHON NERO VAZ GOULART;15h;35T23 6T2;30;25;FGA - SALA S3 / LAB TERMOFLUIDOS;;;S3;UAC;130.0;;
384;ENM0080 - FENOMENOS DE TRANSPORTE;2;2022;2;JHON NERO VAZ GOULART;15h;35T23 6T2;30;25;FGA - SALA S3 / LAB TERMOFLUIDOS;;;Lab.Termoflui.;UED;25.0;;
385;ENM0080 - FENOMENOS DE TRANSPORTE;2;2022;2;FELIPE CHAGAS STORTI;60h;35T23 6T2;30;25;FGA - SALA S3 / LAB TERMOFLUIDOS;;;S3;UAC;130.0;;
386;ENM0080 - FENOMENOS DE TRANSPORTE;2;2022;2;FELIPE CHAGAS STORTI;60h;35T23 6T2;30;25;FGA - SALA S3 / LAB TERMOFLUIDOS;;;Lab.Termoflui.;UED;25.0;;
387;ENM0080 - FENOMENOS DE TRANSPORTE;3;2022;2;JHON NERO VAZ GOULART;15h;35T23 6T3;30;17;FGA - SALA S3 / LAB TERMOFLUIDOS;;;S3;UAC;130.0;;
388;ENM0080 - FENOMENOS DE TRANSPORTE;3;2022;2;JHON NERO VAZ GOULART;15h;35T23 6T3;30;17;FGA - SALA S3 / LAB TERMOFLUIDOS;;;Lab.Termoflui.;UED;25.0;;
389;ENM0080 - FENOMENOS DE TRANSPORTE;3;2022;2;FELIPE CHAGAS STORTI;60h;35T23 6T3;30;17;FGA - SALA S3 / LAB TERMOFLUIDOS;;;S3;UAC;130.0;;
390;ENM0080 - FENOMENOS DE TRANSPORTE;3;2022;2;FELIPE CHAGAS STORTI;60h;35T23 6T3;30;17;FGA - SALA S3 / LAB TERMOFLUIDOS;;;Lab.Termoflui.;UED;25.0;;
391;ENM0080 - FENOMENOS DE TRANSPORTE;4;2022;2;JHON NERO VAZ GOULART;15h;2M3 35T23;30;30;FGA - SALA S3 / LAB TERMOFLUIDOS;;;S3;UAC;130.0;;
392;ENM0080 - FENOMENOS DE TRANSPORTE;4;2022;2;JHON NERO VAZ GOULART;15h;2M3 35T23;30;30;FGA - SALA S3 / LAB TERMOFLUIDOS;;;Lab.Termoflui.;UED;25.0;;
393;ENM0080 - FENOMENOS DE TRANSPORTE;4;2022;2;FELIPE CHAGAS STORTI;60h;2M3 35T23;30;30;FGA - SALA S3 / LAB TERMOFLUIDOS;;;S3;UAC;130.0;;
394;ENM0080 - FENOMENOS DE TRANSPORTE;4;2022;2;FELIPE CHAGAS STORTI;60h;2M3 35T23;30;30;FGA - SALA S3 / LAB TERMOFLUIDOS;;;Lab.Termoflui.;UED;25.0;;
395;ENM0080 - FENOMENOS DE TRANSPORTE;5;2022;2;FELIPE CHAGAS STORTI;60h;2M4 35T23;30;29;FGA - SALA S3 / LAB TERMOFLUIDOS;;;S3;UAC;130.0;;
396;ENM0080 - FENOMENOS DE TRANSPORTE;5;2022;2;FELIPE CHAGAS STORTI;60h;2M4 35T23;30;29;FGA - SALA S3 / LAB TERMOFLUIDOS;;;Lab.Termoflui.;UED;25.0;;
397;ENM0080 - FENOMENOS DE TRANSPORTE;5;2022;2;JHON NERO VAZ GOULART;15h;2M4 35T23;30;29;FGA - SALA S3 / LAB TERMOFLUIDOS;;;S3;UAC;130.0;;
398;ENM0080 - FENOMENOS DE TRANSPORTE;5;2022;2;JHON NERO VAZ GOULART;15h;2M4 35T23;30;29;FGA - SALA S3 / LAB TERMOFLUIDOS;;;Lab.Termoflui.;UED;25.0;;
399;MAT0025 - CÁLCULO 1;24;2022;2;VINICIUS DE CARVALHO RISPOLI;90h;235M12;130;78;FGA - SALA S1;;;S1;UAC;130.0;;
400;MAT0025 - CÁLCULO 1;26;2022;2;RICARDO RAMOS FRAGELLI;90h;246M34;134;121;FGA - SALA I9;;;I9;UAC;130.0;;
401;MAT0025 - CÁLCULO 1;27;2022;2;MATHEUS BERNARDINI DE SOUZA;90h;235T45;130;120;FGA - SALA S1;;;S1;UAC;130.0;;
402;MAT0026 - CÁLCULO 2;15;2022;2;LINDOMAR BOMFIM DE CARVALHO DE JESUS;90h;356T23;70;10;FGA - SALA S6;;;S6;UAC;60.0;;
403;MAT0026 - CÁLCULO 2;16;2022;2;LUIZA YOKO TANEGUTI;90h;246M12;130;127;FGA - SALA S2 E S4;;;S2;UAC;130.0;;
404;MAT0026 - CÁLCULO 2;16;2022;2;LUIZA YOKO TANEGUTI;90h;246M12;130;127;FGA - SALA S2 E S4;;;S4;UAC;130.0;;
405;MAT0026 - CÁLCULO 2;17;2022;2;TAIS CALLIERO TOGNETTI;90h;235M34;130;32;FGA - SALA S4;;;S4;UAC;130.0;;
406;MAT0027 - CÁLCULO 3;10;2022;2;TATIANE DA SILVA EVANGELISTA;90h;235M34;110;38;FGA - SALA S2;;;S2;UAC;130.0;;
407;MAT0027 - CÁLCULO 3;11;2022;2;YEVSEY YEHOSHUA SOBOLEVSKY;90h;235T45;110;5;FGA - SALA S5 E S9;;;S5;UAC;45.0;;
408;MAT0027 - CÁLCULO 3;11;2022;2;YEVSEY YEHOSHUA SOBOLEVSKY;90h;235T45;110;5;FGA - SALA S5 E S9;;;S9;UAC;130.0;;
409;MAT0031 - INTRODUCAO A ALGEBRA LINEAR;9;2022;2;TAIS CALLIERO TOGNETTI;60h;35M12;130;92;FGA - SALA S2;;;S2;UAC;130.0;;
410;MAT0031 - INTRODUCAO A ALGEBRA LINEAR;10;2022;2;YEVSEY YEHOSHUA SOBOLEVSKY;60h;46T23;130;82;FGA - SALA S1;;;S1;UAC;130.0;;
411;MAT0031 - INTRODUCAO A ALGEBRA LINEAR;11;2022;2;LUIZA YOKO TANEGUTI;60h;24M34;130;125;FGA - SALA S1;;;S1;UAC;130.0;;
